symbol,year,sales,net_profit,borrowings,operating_profit,sales_zscore,net_profit_zscore,borrowings_zscore,operating_profit_zscore,zscore_anomaly,isolation_flag,isolation_anomaly,final_anomaly
ABB,2012.0,1653,145,0.0,202.0,0.5471281552154732,0.5604817825203111,0.3572615750490145,0.578855819057726,False,1,False,False
ABB,2014.0,2276,198,0.0,267.0,0.5417952532938547,0.5552325133900836,0.3572615750490145,0.5762688224247612,False,1,False,False
ABB,2015.0,2289,229,0.0,312.0,0.5416839728364212,0.5521621861629694,0.3572615750490145,0.5744778247557856,False,1,False,False
ABB,2016.0,2614,255,0.0,365.0,0.538901961400585,0.5495870730047446,0.3572615750490145,0.5723684275012142,False,1,False,False
ABB,2017.0,2903,277,0.0,398.0,0.5364281112314875,0.5474081311016313,0.3572615750490145,0.5710550292106321,False,1,False,False
ABB,2018.0,3298,401,0.0,525.0,0.5330468973325481,0.5351268221931746,0.3572615750490145,0.5660004357893008,False,1,False,False
ABB,2019.0,3679,450,0.0,605.0,0.5297855239262292,0.5302737243180586,0.3572615750490145,0.5628164399333441,False,1,False,False
ABB,2020.0,4093,593,175.0,757.0,0.5262416693587332,0.5161106019478223,0.3564758865948786,0.5567668478070263,False,1,False,False
ABB,2021.0,4310,691,153.0,922.0,0.5243841417231132,0.5064044061975904,0.35657465885768425,0.5501998563541157,False,1,False,False
ABB,2022.0,4913,799,152.0,1082.0,0.5192224405052386,0.4957077823095797,0.3565791485059936,0.5438318646422023,False,1,False,False
ABB,2023.0,5349,949,113.0,1206.0,0.5154902651636244,0.48085136024289815,0.3567542447900582,0.5388966710654695,False,1,False,False
ABB,2024.0,5849,1201,83.0,1453.0,0.5112102475700301,0.45589257117087323,0.35688893423933865,0.5290660838602032,False,1,False,False
ABB,2024.0,5849,1201,60.0,1453.0,0.5112102475700301,0.45589257117087323,0.35699219615045363,0.5290660838602032,False,1,False,False
ABB,2019.0,6066,1285,6695.0,1547.0,0.5093527199344102,0.44757297481353153,0.3272033796179293,0.525324888729454,False,1,False,False
ADANIENSOL,2014.0,0,0,0.0,0.0,0.5612778933798959,0.5748429905181032,0.3572615750490145,0.5868954085940167,False,1,False,False
ADANIENSOL,2015.0,131,-7,9701.0,101.0,0.5601565287703741,0.5755362902145483,0.31370749680002896,0.5828756138258713,False,1,False,False
ADANIENSOL,2016.0,2194,368,8585.0,1927.0,0.5424971761792042,0.5383952350478446,0.3187179443132614,0.5102009084136597,False,1,False,False
ADANIENSOL,2017.0,2876,416,8975.0,1983.0,0.5366592321815417,0.5336411799865065,0.31696698147261565,0.50797211131449,False,1,False,False
ADANIENSOL,2018.0,3944,1143,10428.0,2826.0,0.5275171146016242,0.46163705436999003,0.3104435224791329,0.4744207549823463,False,1,False,False
ADANIENSOL,2019.0,7305,559,20137.0,2778.0,0.49874683633748357,0.5194780576162701,0.2668535270436726,0.4763311524959203,False,1,False,False
ADANIENSOL,2020.0,11416,706,24246.0,4258.0,0.4635565316829515,0.5049187639909222,0.24840556214056145,0.4174272291607214,False,1,False,False
ADANIENSOL,2021.0,9926,1290,27095.0,3950.0,0.47631098411186246,0.44707776074464217,0.2356145541072288,0.42968561320615467,False,1,False,False
ADANIENSOL,2022.0,11258,1236,29902.0,4206.0,0.4649090172425273,0.45242607268864754,0.2230121113028888,0.41949682646709324,False,1,False,False
ADANIENSOL,2023.0,13293,1281,34270.0,4518.0,0.44748934563659865,0.4479691460686431,0.20340132748765646,0.40707924262886214,False,1,False,False
ADANIENSOL,2024.0,16607,1196,37070.0,5711.0,0.41912138902625584,0.4563877852397626,0.1908303122214819,0.35959790442690787,False,1,False,False
ADANIENSOL,2024.0,16607,1196,39009.0,5711.0,0.41912138902625584,0.4563877852397626,0.18212488414965602,0.35959790442690787,False,1,False,False
ADANIENSOL,2019.0,22099,589,6695.0,6592.0,0.3721096757782164,0.5165067732029338,0.3272033796179293,0.32453415006318476,False,1,False,False
ADANIENT,2013.0,46375,1218,69332.0,6021.0,0.1643062615740276,0.4542088433366493,0.04598527846529476,0.34725992048507565,False,1,False,False
ADANIENT,2014.0,54947,2646,71980.0,9383.0,0.09092963994944751,0.31277570526184123,0.03409668974214109,0.21345249463849544,False,1,False,False
ADANIENT,2015.0,64465,2298,83571.0,12450.0,0.009455225037787054,0.34724260445654237,0.017942823811512285,0.09138605351075553,False,1,False,False
ADANIENT,2016.0,34008,1000,19169.0,1684.0,0.2701682167339882,0.47580017674022645,0.27119950660712155,0.5198722958261282,False,1,False,False
ADANIENT,2017.0,36533,925,20846.0,1902.0,0.24855412788633716,0.4832283877735672,0.26367036639234487,0.5111959071186462,False,1,False,False
ADANIENT,2018.0,35924,594,17637.0,2038.0,0.253767189315335,0.5160115591340444,0.27807764781704275,0.5057831141635197,False,1,False,False
ADANIENT,2019.0,40379,506,11243.0,1969.0,0.21563223255641006,0.5247273267464976,0.3067844591070143,0.5085293105892824,False,1,False,False
ADANIENT,2020.0,43403,1040,12419.0,2294.0,0.18974668615035192,0.47183846418911135,0.30150463269522093,0.49559432742445836,False,1,False,False
ADANIENT,2021.0,39537,1046,16227.0,2506.0,0.2228397821840228,0.4712442073064441,0.28440805193322355,0.4871567384061731,False,1,False,False
ADANIENT,2022.0,69420,788,41604.0,3714.0,0.032959749314732126,0.49679725326113633,0.1704742467868978,0.43907840098122697,False,1,False,False
ADANIENT,2023.0,127540,2422,53200.0,8818.0,0.5304689943941296,0.3349612955480856,0.11841228499169767,0.23593946537118962,False,1,False,False
ADANIENT,2024.0,96421,3335,65310.0,11377.0,0.2640892594040097,0.24453520656888414,0.06404264396549265,0.13409139792877472,False,1,False,False
ADANIENT,2024.0,96421,3335,80427.0,11377.0,0.2640892594040097,0.24453520656888414,0.0038273695269219793,0.13409139792877472,False,1,False,False
ADANIENT,2019.0,102311,6086,6695.0,13893.0,0.3145078666565502,0.027931574134054903,0.3272033796179293,0.033954728258936584,False,1,False,False
ADANIGREEN,2017.0,502,-47,4347.0,403.0,0.5569807557159272,0.5794980027656634,0.3377450738482785,0.5708560294696348,False,1,False,False
ADANIGREEN,2018.0,1480,-138,9864.0,843.0,0.5486090413028568,0.5885108988194502,0.3129756841256052,0.553344052261873,False,1,False,False
ADANIGREEN,2019.0,2058,-475,11142.0,1526.0,0.5436613409646618,0.6218883270625947,0.3072379135862584,0.5261606876416426,False,1,False,False
ADANIGREEN,2020.0,2549,-68,14866.0,1450.0,0.5394583636877522,0.5815779018549988,0.29051846328224623,0.5291854837048015,False,1,False,False
ADANIGREEN,2021.0,3124,182,24209.0,2241.0,0.5345363434551188,0.5568171984105297,0.24857167912800732,0.4977037246790296,False,1,False,False
ADANIGREEN,2022.0,5133,489,52832.0,3512.0,0.5173392327640571,0.5264110545807215,0.12006447556953777,0.4471179905175176,False,1,False,False
ADANIGREEN,2023.0,7776,973,54223.0,4970.0,0.4947150597643178,0.4784743327122291,0.1138193747712346,0.3890896660427068,False,1,False,False
ADANIGREEN,2024.0,9220,1260,64858.0,7318.0,0.48235436895401756,0.45004904515797844,0.06607196500131798,0.2956393876703777,False,1,False,False
ADANIGREEN,2024.0,9220,1260,67430.0,7318.0,0.48235436895401756,0.45004904515797844,0.05452458954967477,0.2956393876703777,False,1,False,False
ADANIGREEN,2019.0,10782,1928,6695.0,8100.0,0.4689835939916291,0.3838884455543568,0.3272033796179293,0.26451582817840097,False,1,False,False
ADANIPORTS,2013.0,3577,1639,11620.0,2382.0,0.5306586475153224,0.41251181873616316,0.30509186169439007,0.49209193198290596,False,1,False,False
ADANIPORTS,2014.0,4830,1741,12979.0,2919.0,0.5199329234257752,0.4024094517308197,0.298990429641986,0.4707193597997966,False,1,False,False
ADANIPORTS,2015.0,6152,2324,17776.0,3902.0,0.508616556908312,0.3446674912983176,0.2774535867020434,0.4315960107197287,False,1,False,False
ADANIPORTS,2016.0,7109,2856,22342.0,4577.0,0.5004246032341726,0.2919767143684871,0.25695385252156017,0.40473104568509405,False,1,False,False
ADANIPORTS,2017.0,8439,3902,22214.0,5418.0,0.4890397564352118,0.188377931156828,0.2575285275051567,0.37125928924934926,False,1,False,False
ADANIPORTS,2018.0,11323,3690,22370.0,7157.0,0.46435261495536007,0.20937500767773787,0.2568281423688984,0.3020471793304906,False,1,False,False
ADANIPORTS,2019.0,10925,4045,27712.0,6596.0,0.4677595089598611,0.17421480878659162,0.23284444110036107,0.3243749502703869,False,1,False,False
ADANIPORTS,2020.0,11873,3785,30242.0,5947.0,0.4596445956024064,0.19996594036883958,0.22148563087771045,0.3502051166518356,False,1,False,False
ADANIPORTS,2021.0,12550,5049,35855.0,8688.0,0.45384945178067976,0.07477582375360332,0.1962852349173398,0.24111345863711925,False,1,False,False
ADANIPORTS,2022.0,17119,4953,47935.0,9528.0,0.41473865101041535,0.0842839338762795,0.14205028334041522,0.20768150214957393,False,1,False,False
ADANIPORTS,2023.0,20852,5391,53434.0,10947.0,0.38278403965664054,0.040903181441569465,0.11736170728731023,0.15120537565454198,False,1,False,False
ADANIPORTS,2024.0,26711,8104,49470.0,15589.0,0.33263079349490293,0.22779997233781027,0.13515867318556596,0.033545983887345414,False,1,False,False
ADANIPORTS,2024.0,26711,8104,50485.0,15589.0,0.33263079349490293,0.22779997233781027,0.13060168015157766,0.033545983887345414,False,1,False,False
ADANIPORTS,2019.0,28443,9743,6695.0,17165.0,0.3178048125506924,0.3901311441197503,0.3272033796179293,0.09627070224969236,False,1,False,False
ADANIPORTS,2013.0,3577,1639,11620.0,2382.0,0.5306586475153224,0.41251181873616316,0.30509186169439007,0.49209193198290596,False,1,False,False
ADANIPORTS,2014.0,4830,1741,12979.0,2919.0,0.5199329234257752,0.4024094517308197,0.298990429641986,0.4707193597997966,False,1,False,False
ADANIPORTS,2015.0,6152,2324,17776.0,3902.0,0.508616556908312,0.3446674912983176,0.2774535867020434,0.4315960107197287,False,1,False,False
ADANIPORTS,2016.0,7109,2856,22342.0,4577.0,0.5004246032341726,0.2919767143684871,0.25695385252156017,0.40473104568509405,False,1,False,False
ADANIPORTS,2017.0,8439,3902,22214.0,5418.0,0.4890397564352118,0.188377931156828,0.2575285275051567,0.37125928924934926,False,1,False,False
ADANIPORTS,2018.0,11323,3690,22370.0,7157.0,0.46435261495536007,0.20937500767773787,0.2568281423688984,0.3020471793304906,False,1,False,False
ADANIPORTS,2019.0,10925,4045,27712.0,6596.0,0.4677595089598611,0.17421480878659162,0.23284444110036107,0.3243749502703869,False,1,False,False
ADANIPORTS,2020.0,11873,3785,30242.0,5947.0,0.4596445956024064,0.19996594036883958,0.22148563087771045,0.3502051166518356,False,1,False,False
ADANIPORTS,2021.0,12550,5049,35855.0,8688.0,0.45384945178067976,0.07477582375360332,0.1962852349173398,0.24111345863711925,False,1,False,False
ADANIPORTS,2022.0,17119,4953,47935.0,9528.0,0.41473865101041535,0.0842839338762795,0.14205028334041522,0.20768150214957393,False,1,False,False
ADANIPORTS,2023.0,20852,5391,53434.0,10947.0,0.38278403965664054,0.040903181441569465,0.11736170728731023,0.15120537565454198,False,1,False,False
ADANIPORTS,2024.0,26711,8104,49470.0,15589.0,0.33263079349490293,0.22779997233781027,0.13515867318556596,0.033545983887345414,False,1,False,False
ADANIPORTS,2024.0,26711,8104,50485.0,15589.0,0.33263079349490293,0.22779997233781027,0.13060168015157766,0.033545983887345414,False,1,False,False
ADANIPORTS,2019.0,28443,9743,6695.0,17165.0,0.3178048125506924,0.3901311441197503,0.3272033796179293,0.09627070224969236,False,1,False,False
ADANIPOWER,2013.0,6692,-2295,41795.0,960.0,0.5039941379072301,0.8021462481383305,0.1696167239598123,0.5486874583225363,False,1,False,False
ADANIPOWER,2014.0,15328,-291,44150.0,4593.0,0.43006967403067,0.6036644493274653,0.15904360219129762,0.40409424651390274,False,1,False,False
ADANIPOWER,2015.0,18683,-816,44742.0,4678.0,0.40135075597765246,0.6556619265608506,0.15638573039216358,0.40071125091694876,False,1,False,False
ADANIPOWER,2016.0,25377,551,52729.0,8802.0,0.34404988043461243,0.5202704001264931,0.12052690934540061,0.23657626454238095,False,1,False,False
ADANIPOWER,2017.0,22616,-6174,52484.0,5980.0,0.36768413758644,1.1863333227827144,0.12162687318119089,0.3488917183612535,False,1,False,False
ADANIPOWER,2018.0,20304,-2103,52835.0,5436.0,0.38747493893921986,0.7831300278929781,0.12005100662460973,0.370542890181759,False,1,False,False
ADANIPOWER,2019.0,23884,-984,46980.0,4983.0,0.3568300129690849,0.6723011192755339,0.1463378974758426,0.38857226671611383,False,1,False,False
ADANIPOWER,2020.0,26468,-2275,55199.0,5734.0,0.33471088204538973,0.8001653918627729,0.1094374780213109,0.3586825056183203,False,1,False,False
ADANIPOWER,2021.0,26221,1270,52519.0,8688.0,0.3368252107366253,0.4490586170201997,0.1214697354903637,0.24111345863711925,False,1,False,False
ADANIPOWER,2022.0,27711,4912,49145.0,9881.0,0.32407075830771437,0.08834468924117245,0.13661780888610406,0.19363212043516498,False,1,False,False
ADANIPOWER,2023.0,38773,10727,42350.0,10096.0,0.22937964906703484,0.48758927287718107,0.16712496914812414,0.18507513157228137,False,1,False,False
ADANIPOWER,2024.0,50351,20829,34616.0,18228.0,0.130271561669766,1.4881197776612924,0.20184790917262205,0.13857804718571698,False,1,False,False
ADANIPOWER,2024.0,50351,20829,37705.0,18228.0,0.130271561669766,1.4881197776612924,0.1879793855450459,0.13857804718571698,False,1,False,False
ADANIPOWER,2019.0,54650,12686,6695.0,20965.0,0.0934719704000425,0.6816141450680417,0.3272033796179293,0.24751050540763553,False,1,False,False
AMBUJACEM,2012.0,9749,1292,60.0,2473.0,0.47782611033999484,0.44687967511708643,0.35699219615045363,0.4884701366967552,False,1,False,False
AMBUJACEM,2013.0,9161,1278,48.0,1669.0,0.4828594110300617,0.4482662745099767,0.3570460719301658,0.52046929504912,False,1,False,False
AMBUJACEM,2014.0,9955,1487,34.0,1934.0,0.476062743091434,0.42756632643040043,0.3571089270064967,0.5099223087762634,False,1,False,False
AMBUJACEM,2015.0,9437,808,35.0,1542.0,0.48049684131839765,0.4948163969855788,0.35710443735818737,0.5255238884704513,False,1,False,False
AMBUJACEM,2016.0,20094,1434,29.0,3181.0,0.3892725463285294,0.43281559556062793,0.35713137524804345,0.4602917733715384,False,1,False,False
AMBUJACEM,2017.0,23609,1945,24.0,3858.0,0.35918402264556176,0.38220471772013287,0.3571538234895902,0.4333472084405049,False,1,False,False
AMBUJACEM,2018.0,26041,2973,40.0,4011.0,0.3383660170703192,0.2803887051564755,0.3570819891166406,0.4272578163659877,False,1,False,False
AMBUJACEM,2019.0,27104,2783,41.0,4597.0,0.3292666996663378,0.29920683977427215,0.3570774994683312,0.4039350467211049,False,1,False,False
AMBUJACEM,2020.0,24516,3107,471.0,5006.0,0.35142007073078174,0.26711696811024005,0.3551469506953116,0.3876568679075263,False,1,False,False
AMBUJACEM,2021.0,28965,3711,477.0,6210.0,0.31333647418298,0.20729510858840247,0.3551200128054555,0.33973773027537796,False,1,False,False
AMBUJACEM,2023.0,38937,3024,523.0,5122.0,0.22797580329633593,0.2753375216538038,0.3549134889832255,0.38304007391638906,False,1,False,False
AMBUJACEM,2024.0,33160,4738,699.0,6400.0,0.27742712657272406,0.105578138838523,0.35412331088078025,0.3321757401174808,False,1,False,False
AMBUJACEM,2024.0,33160,4738,779.0,6400.0,0.27742712657272406,0.105578138838523,0.3537641390160324,0.3321757401174808,False,1,False,False
AMBUJACEM,2019.0,32850,3871,6695.0,5822.0,0.2800807374807525,0.1914482583839422,0.3272033796179293,0.3551801101767679,False,1,False,False
APOLLOHOSP,2013.0,3769,303,1213.0,612.0,0.5290151207593823,0.5448330179434066,0.3518156316497753,0.5625378402959479,False,1,False,False
APOLLOHOSP,2014.0,4357,315,1344.0,676.0,0.5239818200693154,0.5436445041780721,0.35122748772125073,0.5599906436111826,False,1,False,False
APOLLOHOSP,2015.0,5129,335,1992.0,737.0,0.5173734729048058,0.5416636479025145,0.34831819561679317,0.5575628467710155,False,1,False,False
APOLLOHOSP,2016.0,6150,235,2834.0,684.0,0.5086336769786863,0.5515679292803022,0.3445379117403221,0.5596722440255869,False,1,False,False
APOLLOHOSP,2017.0,7256,131,3125.0,734.0,0.4991662780616558,0.5618683819132013,0.34323142408230184,0.5576822466156139,False,1,False,False
APOLLOHOSP,2018.0,8243,60,3427.0,801.0,0.4907175233319008,0.5689004216914306,0.3418755502928787,0.5550156500862502,False,1,False,False
APOLLOHOSP,2019.0,9617,200,3673.0,1070.0,0.4789560349847037,0.5550344277625279,0.3407710968087791,0.5443094640205958,False,1,False,False
APOLLOHOSP,2020.0,11247,432,3596.0,1591.0,0.4650031776295864,0.5320564949660604,0.3411167997285989,0.5235736910086778,False,1,False,False
APOLLOHOSP,2021.0,10560,137,4160.0,1140.0,0.4708839218031849,0.5612741250305341,0.3385846380821266,0.5415234676466337,False,1,False,False
APOLLOHOSP,2022.0,14663,1108,4068.0,2189.0,0.4357620974301504,0.4651035528522157,0.3389976857265866,0.4997733219854015,False,1,False,False
APOLLOHOSP,2023.0,16612,844,4332.0,2065.0,0.4190785888503199,0.4912508556895752,0.3378124185729187,0.5047085155621344,False,1,False,False
APOLLOHOSP,2024.0,19059,935,5333.0,2394.0,0.3981321827472696,0.4822379596357884,0.3333182806152613,0.4916143326045125,False,1,False,False
APOLLOHOSP,2024.0,19059,935,7371.0,2394.0,0.3981321827472696,0.4822379596357884,0.32416837736080995,0.4916143326045125,False,1,False,False
APOLLOHOSP,2019.0,20469,1224,6695.0,2745.0,0.3860625331333337,0.45361458645398206,0.3272033796179293,0.4776445507865025,False,1,False,False
ASIANPAINT,2013.0,10504,1160,251.0,1737.0,0.4713632837736675,0.45995332653576615,0.3561346733233682,0.5177628985715569,False,1,False,False
ASIANPAINT,2013.0,10504,1160,251.0,1737.0,0.4713632837736675,0.45995332653576615,0.3561346733233682,0.5177628985715569,False,1,False,False
ASIANPAINT,2014.0,12220,1263,249.0,2004.0,0.45667426339245193,0.44975191671664483,0.3561436526199869,0.5071363124023014,False,1,False,False
ASIANPAINT,2014.0,12220,1263,249.0,2004.0,0.45667426339245193,0.44975191671664483,0.3561436526199869,0.5071363124023014,False,1,False,False
ASIANPAINT,2015.0,13615,1427,418.0,2243.0,0.44473301430632395,0.43350889525707303,0.35538490205570705,0.49762412478263074,False,1,False,False
ASIANPAINT,2015.0,13615,1427,418.0,2243.0,0.44473301430632395,0.43350889525707303,0.35538490205570705,0.49762412478263074,False,1,False,False
ASIANPAINT,2016.0,14271,1803,323.0,2725.0,0.43911763122352826,0.39626879727659137,0.3558114186450951,0.4784405497504916,False,1,False,False
ASIANPAINT,2016.0,14271,1803,323.0,2725.0,0.43911763122352826,0.39626879727659137,0.3558114186450951,0.4784405497504916,False,1,False,False
ASIANPAINT,2017.0,15062,2016,560.0,2994.0,0.43234664339046214,0.3751726779419036,0.3547473719957796,0.46773436368483723,False,1,False,False
ASIANPAINT,2017.0,15062,2016,560.0,2994.0,0.43234664339046214,0.3751726779419036,0.3547473719957796,0.46773436368483723,False,1,False,False
ASIANPAINT,2018.0,16825,2098,533.0,3204.0,0.41725530135544875,0.3670511672121177,0.35486859250013203,0.4593763745629509,False,1,False,False
ASIANPAINT,2018.0,16825,2098,533.0,3204.0,0.41725530135544875,0.3670511672121177,0.35486859250013203,0.4593763745629509,False,1,False,False
ASIANPAINT,2019.0,19240,2208,1320.0,3765.0,0.39658281637838844,0.3561564576965513,0.35133523928067506,0.43704860362305453,False,1,False,False
ASIANPAINT,2019.0,19240,2208,1320.0,3765.0,0.39658281637838844,0.3561564576965513,0.35133523928067506,0.43704860362305453,False,1,False,False
ASIANPAINT,2020.0,20211,2774,1118.0,4157.0,0.3882710222116284,0.300098225098273,0.3522421482391634,0.42144702392886674,False,1,False,False
ASIANPAINT,2020.0,20211,2774,1118.0,4157.0,0.3882710222116284,0.300098225098273,0.3522421482391634,0.42144702392886674,False,1,False,False
ASIANPAINT,2021.0,21713,3207,1093.0,4856.0,0.37541384936047123,0.25721268673245234,0.3523543894468971,0.3936268601374451,False,1,False,False
ASIANPAINT,2021.0,21713,3207,1093.0,4856.0,0.37541384936047123,0.25721268673245234,0.3523543894468971,0.3936268601374451,False,1,False,False
ASIANPAINT,2022.0,29101,3085,1587.0,4804.0,0.31217230939752233,0.26929591001335335,0.3501365031820792,0.39569645744381693,False,1,False,False
ASIANPAINT,2022.0,29101,3085,1587.0,4804.0,0.31217230939752233,0.26929591001335335,0.3501365031820792,0.39569645744381693,False,1,False,False
ASIANPAINT,2023.0,34489,4195,1933.0,6260.0,0.2660508398089505,0.1593583867199101,0.3485830848670447,0.33774773286540505,False,1,False,False
ASIANPAINT,2023.0,34489,4195,1933.0,6260.0,0.2660508398089505,0.1593583867199101,0.3485830848670447,0.33774773286540505,False,1,False,False
ASIANPAINT,2024.0,35495,5558,2474.0,7585.0,0.2574394444106389,0.02436303154066404,0.34615418513168744,0.28501280150112224,False,1,False,False
ASIANPAINT,2024.0,35495,5558,2516.0,7585.0,0.2574394444106389,0.02436303154066404,0.3459656199026948,0.28501280150112224,False,1,False,False
ASIANPAINT,2024.0,35495,5558,2474.0,7585.0,0.2574394444106389,0.02436303154066404,0.34615418513168744,0.28501280150112224,False,1,False,False
ASIANPAINT,2024.0,35495,5558,2516.0,7585.0,0.2574394444106389,0.02436303154066404,0.3459656199026948,0.28501280150112224,False,1,False,False
ASIANPAINT,2019.0,34831,4631,6695.0,6681.0,0.26312330777493204,0.11617571991275583,0.3272033796179293,0.3209919546734329,False,1,False,False
ATGL,2018.0,1374,162,1345.0,366.0,0.5495164050326988,0.5587980546860872,0.3512229980729414,0.5723286275530147,False,1,False,False
ATGL,2019.0,1719,229,394.0,455.0,0.5465631928931187,0.5521621861629694,0.3554926536151314,0.568786432163263,False,1,False,False
ATGL,2020.0,1875,436,428.0,595.0,0.5452278274039173,0.531660323710949,0.3553400055726135,0.5632144394153387,False,1,False,False
ATGL,2021.0,1696,463,529.0,704.0,0.5467600737024241,0.5289861677389462,0.3548865510933694,0.5588762450615977,False,1,False,False
ATGL,2022.0,3038,509,1035.0,773.0,0.535272506481217,0.5244301983051639,0.3526147890488393,0.556130048635835,False,1,False,False
ATGL,2023.0,4378,546,1422.0,870.0,0.5238020593303844,0.5207656141953825,0.3508772951531216,0.5522694536604875,False,1,False,False
ATGL,2024.0,4475,668,1557.0,1104.0,0.5229717359172271,0.5086823909144815,0.3502711926313596,0.5429562657818142,False,1,False,False
ATGL,2024.0,4475,668,1457.0,1104.0,0.5229717359172271,0.5086823909144815,0.3507201574622944,0.5429562657818142,False,1,False,False
ATGL,2019.0,4826,668,6695.0,1153.0,0.519967163566524,0.5086823909144815,0.3272033796179293,0.5410060683200407,False,1,False,False
BAJAJ-AUTO,2013.0,20025,3133,116.0,3656.0,0.38986318875644543,0.26454185495201527,0.35674077584513014,0.44138679797679553,False,1,False,False
BAJAJ-AUTO,2014.0,20137,3380,59.0,4163.0,0.38890446481548036,0.24007827994887967,0.356996685798763,0.42120822423966997,False,1,False,False
BAJAJ-AUTO,2015.0,21595,3026,112.0,4128.0,0.3764239335125595,0.2751394360262481,0.35675873443836753,0.42260122242665105,False,1,False,False
BAJAJ-AUTO,2016.0,22574,4061,118.0,4793.0,0.36804365906430186,0.1726301237661456,0.35673179654851145,0.396134256874011,False,1,False,False
BAJAJ-AUTO,2017.0,21755,4079,120.0,4429.0,0.3750543278826093,0.1708473531181438,0.35672281725189275,0.41062143801861395,False,1,False,False
BAJAJ-AUTO,2018.0,25210,4219,121.0,4846.0,0.3454794063108729,0.15698135918924105,0.3567183276035834,0.39402485961943967,False,1,False,False
BAJAJ-AUTO,2019.0,30358,4928,125.0,5198.0,0.30141234516722637,0.08676000422072641,0.356700369010346,0.3800152778532302,False,1,False,False
BAJAJ-AUTO,2020.0,29919,5212,126.0,5109.0,0.3051702006144021,0.05863184510780941,0.35669587936203667,0.383557473242982,False,1,False,False
BAJAJ-AUTO,2021.0,27741,4857,121.0,4938.0,0.3238139572520987,0.09379204399895567,0.3567183276035834,0.39036326438508945,False,1,False,False
BAJAJ-AUTO,2022.0,33145,6166,123.0,5259.0,0.2775555271005319,0.035854999236285046,0.3567093483069647,0.3775874810130632,False,1,False,False
BAJAJ-AUTO,2023.0,36455,6060,124.0,6465.0,0.24922181063093785,0.025356460975830105,0.35670485865865537,0.329588743484516,False,1,False,False
BAJAJ-AUTO,2024.0,44870,7708,1912.0,8765.0,0.17718911453074634,0.18857901808177105,0.34867736748154105,0.23804886262576092,False,1,False,False
BAJAJ-AUTO,2024.0,44870,7708,5245.0,8765.0,0.17718911453074634,0.18857901808177105,0.33371336966648396,0.23804886262576092,False,1,False,False
BAJAJ-AUTO,2019.0,48900,7371,6695.0,9143.0,0.14269217272637658,0.15520158983862659,0.3272033796179293,0.22300448220636554,False,1,False,False
AXISBANK,2013.0,27183,5179,296254.0,8313.0,0.3285904568865499,0.061900257962479346,0.972814695188586,0.25603843921191627,False,1,False,False
AXISBANK,2014.0,30641,6218,333280.0,9644.0,0.298989855209252,0.041005225552734635,1.1390484134905072,0.20306470815843672,False,1,False,False
AXISBANK,2015.0,35479,7358,406638.0,11127.0,0.2575764049736339,0.15391403325951417,1.4684000341676624,0.14404138497863941,False,1,False,False
AXISBANK,2016.0,40988,8224,472150.0,13367.0,0.21041917112741224,0.23968510999115547,1.7625258742096725,0.054889501011851874,False,1,False,False
AXISBANK,2017.0,44542,3679,527437.0,23808.0,0.1799968060721442,0.21046447862929452,2.0107450602885986,0.36066175813869666,False,1,False,False
AXISBANK,2018.0,45780,276,611425.0,28895.0,0.1693994825104048,0.5475071739154093,2.387821642494124,0.5631240946293432,False,1,False,False
AXISBANK,2019.0,54986,4677,711996.0,27155.0,0.09059579857714715,0.11161975047897349,2.8393500626135677,0.493872184762285,False,1,False,False
AXISBANK,2020.0,62635,1627,797337.0,35066.0,0.02512008943034207,0.4137003325014977,3.2225011389816407,0.8087295749682031,True,1,False,True
AXISBANK,2021.0,63346,6588,850551.0,31749.0,0.019033904412251022,0.07765106665054905,3.4614132841152885,0.6767131467905985,True,1,False,True
AXISBANK,2022.0,67377,13025,1020943.0,29962.0,0.015471597427305953,0.715189658938742,4.226413438841723,0.6055906393581657,True,1,False,True
AXISBANK,2023.0,85164,9580,1152038.0,29089.0,0.1677289433018284,0.3739871654739564,4.8149838839557075,0.5708452845800382,True,1,False,True
AXISBANK,2024.0,109369,24861,1295302.0,37943.0,0.37492459500772685,1.8874604028136917,5.458188859346148,0.9232340259380458,True,-1,True,True
AXISBANK,2019.0,120659,26386,6695.0,44566.0,0.47156739227108535,2.0385006938249535,0.3272033796179293,1.186829082863061,False,1,False,False
BAJAJFINSV,2013.0,8055,2214,12991.0,3931.0,0.4923268099470922,0.355562200813884,0.29893655386227386,0.4304418122219444,False,1,False,False
BAJAJFINSV,2014.0,6023,2191,19507.0,4491.0,0.5097208014474592,0.3578401855307752,0.2696820054785619,0.4081538412302475,False,1,False,False
BAJAJFINSV,2015.0,11335,2409,26312.0,5511.0,0.4642498945331138,0.336248852127198,0.23912994873344834,0.3675578940667996,False,1,False,False
BAJAJFINSV,2016.0,20533,2775,36062.0,6739.0,0.38551469088135365,0.2999991822844951,0.19535587771730475,0.3186835576778643,False,1,False,False
BAJAJFINSV,2017.0,24507,3450,48282.0,8713.0,0.35149711104746645,0.2331452829844283,0.14049237537707143,0.24011845993213277,False,1,False,False
BAJAJFINSV,2018.0,32862,4176,65695.0,10788.0,0.2799780170585063,0.16124020018168977,0.062314129366393654,0.15753356741825592,False,1,False,False
BAJAJFINSV,2019.0,42605,5374,99754.0,15037.0,0.19657759422972837,0.04258690927579337,0.09059880240169195,0.011576412481244197,False,1,False,False
BAJAJFINSV,2020.0,54351,5994,127212.0,18258.0,0.09603142092101187,0.018819635266490237,0.213875565679771,0.13977204563170076,False,1,False,False
BAJAJFINSV,2021.0,60592,7367,128461.0,19641.0,0.04260824131776824,0.15480541858351507,0.21948313641814673,0.19481537399155216,False,1,False,False
BAJAJFINSV,2022.0,68406,8314,161179.0,21455.0,0.024279873634922955,0.24859896323116437,0.3663754498033966,0.2670124800253703,False,1,False,False
BAJAJFINSV,2023.0,82072,12210,212265.0,29868.0,0.14126131450304144,0.6344697657097723,0.5957336233347517,0.6018494442274166,False,1,False,False
BAJAJFINSV,2024.0,110382,15595,288933.0,40886.0,0.3835959106523488,0.9697296903478853,0.9399459799158488,1.040365273489053,False,1,False,False
BAJAJFINSV,2024.0,110382,15595,318675.0,40886.0,0.3835959106523488,0.9697296903478853,1.0734770999324788,1.040365273489053,False,1,False,False
BAJAJFINSV,2019.0,126263,16520,6695.0,45479.0,0.5195378294600899,1.0613442930924213,0.3272033796179293,1.2231664355691667,False,1,False,False
BAJAJHLDNG,2013.0,337,1856,0.0,322.0,0.5583931615218133,0.3910195281463639,0.3572615750490145,0.574079825273791,False,1,False,False
BAJAJHLDNG,2014.0,423,1988,0.0,400.0,0.557656998495715,0.37794587672768415,0.3572615750490145,0.5709754293142332,False,1,False,False
BAJAJHLDNG,2015.0,524,2029,0.0,484.0,0.5567924349418091,0.37388512136279123,0.3572615750490145,0.5676322336654787,False,1,False,False
BAJAJHLDNG,2016.0,470,2265,0.0,429.0,0.5572546768419172,0.3505110173112123,0.3572615750490145,0.5698212308164489,False,1,False,False
BAJAJHLDNG,2017.0,842,2473,0.0,628.0,0.554070343752283,0.32991011204541393,0.3572615750490145,0.5619010411247566,False,1,False,False
BAJAJHLDNG,2018.0,420,2655,0.0,355.0,0.5576826786012766,0.3118843199378403,0.3572615750490145,0.5727664269832088,False,1,False,False
BAJAJHLDNG,2019.0,431,3048,0.0,347.0,0.5575885182142175,0.2729604941231348,0.3572615750490145,0.5730848265688044,False,1,False,False
BAJAJHLDNG,2020.0,435,3080,168.0,301.0,0.5575542780734688,0.2697911240822427,0.35650731413304404,0.5749156241859795,False,1,False,False
BAJAJHLDNG,2021.0,457,3654,136.0,352.0,0.5573659572993507,0.21294054897374146,0.3566509828789432,0.5728858268278072,False,1,False,False
BAJAJHLDNG,2022.0,484,4126,114.0,367.0,0.5571348363492966,0.1661923408705836,0.35674975514174884,0.5722888276048153,False,1,False,False
BAJAJHLDNG,2023.0,522,4946,93.0,380.0,0.5568095550121834,0.08497723357272463,0.3568440377562452,0.5717714282782224,False,1,False,False
BAJAJHLDNG,2024.0,1702,7365,63.0,1562.0,0.5467087134913009,0.15460733295595933,0.3569787272055256,0.5247278895064621,False,1,False,False
BAJAJHLDNG,2024.0,1702,7365,47.0,1562.0,0.5467087134913009,0.15460733295595933,0.35705056157847515,0.5247278895064621,False,1,False,False
BAJAJHLDNG,2019.0,1733,7486,6695.0,1554.0,0.5464433524004981,0.1665915134230824,0.3272033796179293,0.5250462890920577,False,1,False,False
BAJFINANCE,2015.0,5392,898,26655.0,1752.0,0.5151221836505753,0.48590254374556985,0.23758999936334196,0.5171658993485649,False,1,False,False
BAJFINANCE,2016.0,7299,1279,37025.0,2354.0,0.49879819654860674,0.4481672316961988,0.19103234639540256,0.4932063305324908,False,1,False,False
BAJFINANCE,2017.0,9970,1836,49250.0,3250.0,0.47593434256362616,0.3930003844219214,0.1361463958136225,0.4575455769457758,False,1,False,False
BAJFINANCE,2018.0,12746,2496,66557.0,4115.0,0.4521716848839908,0.32763212732852276,0.05844405252373563,0.423118621753244,False,1,False,False
BAJFINANCE,2019.0,18487,3995,101588.0,5454.0,0.40302852287434143,0.17916694947548545,0.0988328174010363,0.36982649111416876,False,1,False,False
BAJFINANCE,2020.0,26374,5264,129806.0,9159.0,0.33551552535298546,0.05348161879135982,0.2255217133942199,0.22236768303517418,False,1,False,False
BAJFINANCE,2021.0,26673,4420,131634.0,10839.0,0.3329560748320161,0.13707375361988783,0.23372879050370815,0.15550377006008353,False,1,False,False
BAJFINANCE,2022.0,31641,7028,165232.0,11880.0,0.29042982002206347,0.12122990471281483,0.3845719944011843,0.11407202398444699,False,1,False,False
BAJFINANCE,2023.0,41411,11508,216690.0,12693.0,0.2067982762432315,0.5649417104377028,0.6156003171036168,0.08171466609828705,False,1,False,False
BAJFINANCE,2024.0,54972,14451,293346.0,16099.0,0.0907156390697678,0.8564247113859942,0.9597587979050017,0.053843957469069365,False,1,False,False
BAJFINANCE,2024.0,54972,14451,324218.0,16099.0,0.0907156390697678,0.8564247113859942,1.098363220511195,0.053843957469069365,False,1,False,False
BAJFINANCE,2019.0,62279,15389,6695.0,18943.0,0.028167461956981187,0.9493268707096426,0.3272033796179293,0.16703501014832997,False,1,False,False
BANKBARODA,2013.0,36442,4829,509192.0,10950.0,0.24933309108837132,0.09656524278473622,1.9288314268845435,0.15108597580994362,False,1,False,False
BANKBARODA,2014.0,40463,5036,616973.0,12049.0,0.21491318960068623,0.07606338033271573,2.412730211314387,0.10734583273873848,False,1,False,False
BANKBARODA,2015.0,44915,3950,665483.0,13466.0,0.17680391294732287,0.1836238760954899,2.6305230508008615,0.05094930614010546,False,1,False,False
BANKBARODA,2016.0,45799,-5033,620536.0,25391.0,0.1692368418418482,1.073325472262157,2.428726828240594,0.42366507613843984,False,1,False,False
BANKBARODA,2017.0,44473,1855,648499.0,19250.0,0.1805874485000602,0.3911185709601418,2.554270863914894,0.1792535942455638,False,1,False,False
BANKBARODA,2018.0,46056,-1836,672311.0,26093.0,0.16703691279874075,0.756685596614285,2.66117836945709,0.45160463977445986,False,1,False,False
BANKBARODA,2019.0,52906,1166,734456.0,25815.0,0.1084006717664993,0.4593590696530989,2.9401875636415253,0.44054025417501036,False,1,False,False
BANKBARODA,2020.0,78895,981,1068981.0,40583.0,0.11406608271334348,0.4776819902020061,4.4420871643261854,1.0283058891846169,True,1,False,True
BANKBARODA,2021.0,74314,1620,1067173.0,38070.0,0.0748525615208328,0.41439363219794284,4.433969880182884,0.9282886193593771,True,1,False,True
BANKBARODA,2022.0,73385,7933,1185331.0,37518.0,0.06690028883193466,0.21086365118179332,4.964457745118832,0.9063190479532759,True,1,False,True
BANKBARODA,2023.0,94503,15005,1342592.0,38231.0,0.2476711119149821,0.911294430218938,5.670504327895218,0.93469641101949,True,-1,True,True
BANKBARODA,2024.0,118379,18869,1453761.0,44379.0,0.4520505120442955,1.293995862656654,6.169614040797132,1.1793864925497621,True,-1,True,True
BANKBARODA,2019.0,124144,20144,6695.0,46459.0,0.5013991148984374,1.4202754502234467,0.3272033796179293,1.2621703848046364,False,1,False,False
BHARTIARTL,2013.0,76947,2267,66736.0,22960.0,0.09739113416870021,0.35031293168365657,0.05764040547636232,0.3269114020655557,False,1,False,False
BHARTIARTL,2014.0,85864,3019,75896.0,26512.0,0.17372096793286035,0.2758327357226932,0.016515226962734084,0.4682808180700331,False,1,False,False
BHARTIARTL,2015.0,96101,5048,83415.0,33602.0,0.2613500481441094,0.07487486656738121,0.017242438675253987,0.7504624508041955,False,1,False,False
BHARTIARTL,2016.0,96532,6893,100646.0,33984.0,0.26503942330978764,0.10785912485280147,0.09460356869363043,0.7656660310163887,False,1,False,False
BHARTIARTL,2017.0,95468,4241,107288.0,35330.0,0.255931545870619,0.15480241728612776,0.12442381276432024,0.8192367612928602,False,1,False,False
BHARTIARTL,2018.0,82639,2184,111334.0,30079.0,0.14611485445417735,0.35853348522722034,0.1425889298239425,0.6102472332975023,False,1,False,False
BHARTIARTL,2019.0,80780,1688,125428.0,25764.0,0.13020174904119386,0.4076587208610472,0.20586603309589407,0.4385104568168379,False,1,False,False
BHARTIARTL,2020.0,87539,-30664,148228.0,36610.0,0.18805902687140116,3.611891832202917,0.3082300145490299,0.8701806949881673,True,1,False,True
BHARTIARTL,2021.0,100616,-12364,162785.0,45279.0,0.2999986070142656,1.7994083400677718,0.3735858249882096,1.215206445929275,False,1,False,False
BHARTIARTL,2022.0,116547,8305,169678.0,57534.0,0.43636852758136613,0.2477075779071635,0.40453297078454575,1.7029548111136417,False,1,False,False
BHARTIARTL,2023.0,139145,12287,226020.0,71274.0,0.6298082027414525,0.6420960623706689,0.6574887358298342,2.2498060993742044,False,1,False,False
BHARTIARTL,2024.0,149982,8558,215592.0,78292.0,0.7225733040650147,0.2727654097929663,0.6106706832599527,2.529122135838006,False,1,False,False
BHARTIARTL,2024.0,149982,8558,225541.0,78292.0,0.7225733040650147,0.2727654097929663,0.6553381942896565,2.529122135838006,False,1,False,False
BHARTIARTL,2019.0,155478,13816,6695.0,80733.0,0.7696192574538029,0.7935325246370425,0.3272033796179293,2.6262738093928846,False,1,False,False
BEL,2013.0,6273,911,24.0,669.0,0.5075807926506621,0.48461498716645746,0.3571538234895902,0.5602692432485787,False,1,False,False
BEL,2014.0,6518,952,21.0,925.0,0.505483584029801,0.48055423180156454,0.3571672924345182,0.5500804565095173,False,1,False,False
BEL,2015.0,7093,1197,26.0,1179.0,0.5005615637971675,0.4562887424259847,0.3571448441929715,0.5399712696668548,False,1,False,False
BEL,2016.0,7354,1337,25.0,1393.0,0.4983273946133113,0.44242274849708196,0.35714933384128084,0.5314540807521706,False,1,False,False
BEL,2017.0,8656,1523,29.0,1792.0,0.4871822287995919,0.4240007851343969,0.35713137524804345,0.5155739014205866,False,1,False,False
BEL,2018.0,10401,1431,48.0,2039.0,0.4722449673979479,0.43311272400196155,0.3570460719301658,0.5057433142153203,False,1,False,False
BEL,2019.0,12164,1887,47.0,2909.0,0.4571536253629345,0.3879492009192497,0.35705056157847515,0.4711173592817912,False,1,False,False
BEL,2020.0,12968,1825,44.0,2759.0,0.45027135707243493,0.39408985537347807,0.3570640305234032,0.47708735151171,False,1,False,False
BEL,2021.0,14109,2100,49.0,3214.0,0.4405043569238528,0.366853081584562,0.35704158228185645,0.4589783750809563,False,1,False,False
BEL,2022.0,15368,2400,58.0,3344.0,0.42972727262318244,0.3371402374511989,0.3570011754470723,0.4538043818150267,False,1,False,False
BEL,2023.0,17734,2986,39.0,4090.0,0.4094742293702944,0.2791011485773631,0.3570864787649499,0.4241136204582305,False,1,False,False
BEL,2024.0,20268,3985,43.0,5051.0,0.38778310020595863,0.18015737761326422,0.35706852017171253,0.3858658702385506,False,1,False,False
BEL,2024.0,20268,3985,78.0,5051.0,0.38778310020595863,0.18015737761326422,0.3569113824808854,0.3858658702385506,False,1,False,False
BEL,2019.0,21575,4541,6695.0,5708.0,0.37659513421630325,0.12508957315276473,0.3272033796179293,0.3597173042715062,False,1,False,False
BHEL,2013.0,48903,6693,2698.0,9483.0,0.142666492620815,0.08805056209722611,0.3451485039103935,0.20947249981854957,False,1,False,False
BHEL,2014.0,39561,3502,4693.0,4579.0,0.22263434133953028,0.2279950566679787,0.3361916555332441,0.40465144578869516,False,1,False,False
BHEL,2015.0,31323,1450,1889.0,2141.0,0.2931519112115894,0.43123091054018187,0.348780629392656,0.5016837194989755,False,1,False,False
BHEL,2016.0,25505,-706,211.0,-1357.0,0.3429541959306523,0.6447672170452843,0.35631425925574206,0.6409039383006822,False,1,False,False
BHEL,2017.0,28465,455,156.0,1095.0,0.31761649177657425,0.5297785102491693,0.3565611899127562,0.5433144653156093,False,1,False,False
BHEL,2018.0,28827,438,110.0,1653.0,0.31451775903881196,0.5314622380833932,0.3567677137349862,0.5211060942203114,False,1,False,False
BHEL,2019.0,30441,1002,2598.0,2032.0,0.3007018622466897,0.47560209111267066,0.34559746874132824,0.5060219138527166,False,1,False,False
BHEL,2020.0,21463,-1468,5080.0,-133.0,0.37755385815726833,0.7202378411440263,0.3344541616375264,0.5921888017045447,False,1,False,False
BHEL,2021.0,17309,-2700,4951.0,-3049.0,0.4131122443248495,0.8422585877183706,0.3350333262694323,0.7082454506541662,False,1,False,False
BHEL,2022.0,21211,445,4830.0,828.0,0.37971098702443984,0.530768938386948,0.3355765737148634,0.5539410514848648,False,1,False,False
BHEL,2023.0,23365,654,5454.0,1044.0,0.36127267123123574,0.5100689903073719,0.3327750331698302,0.5453442626737818,False,1,False,False
BHEL,2024.0,23893,282,8856.0,711.0,0.3567529726524002,0.5469129170327419,0.3175012496214281,0.5585976454242015,False,1,False,False
BHEL,2024.0,23893,282,9128.0,711.0,0.3567529726524002,0.5469129170327419,0.31628006528128544,0.5585976454242015,False,1,False,False
BHEL,2019.0,25833,445,6695.0,1050.0,0.3401465043892545,0.530768938386948,0.3272033796179293,0.545105462984585,False,1,False,False
BOSCHLTD,2012.0,8659,958,230.0,1350.0,0.4871565486940303,0.47995997491889725,0.35622895593786447,0.5331654785247474,False,1,False,False
BOSCHLTD,2013.0,8757,885,183.0,1289.0,0.4863176652456858,0.48719010032468224,0.35643996940840383,0.5355932753649143,False,1,False,False
BOSCHLTD,2015.0,12086,1338,111.0,1981.0,0.45782130810753524,0.4423237056833041,0.3567632240866769,0.5080517112108889,False,1,False,False
BOSCHLTD,2016.0,9701,1531,50.0,1878.0,0.47823699202897985,0.42320844262417384,0.3570370926335471,0.5121511058754331,False,1,False,False
BOSCHLTD,2017.0,10435,1741,0.0,1963.0,0.4719539262015835,0.4024094517308197,0.3572615750490145,0.5087681102784791,False,1,False,False
BOSCHLTD,2018.0,11690,1371,0.0,2093.0,0.4612110820416619,0.43905529282863415,0.3572615750490145,0.5035941170125495,False,1,False,False
BOSCHLTD,2019.0,12085,1598,0.0,2154.0,0.4578298681427224,0.41657257410105614,0.3572615750490145,0.5011663201723826,False,1,False,False
BOSCHLTD,2020.0,9842,650,74.0,1483.0,0.4770300270675863,0.5104651615624833,0.3569293410741228,0.5278720854142194,False,1,False,False
BOSCHLTD,2021.0,9718,482,54.0,1163.0,0.47809147143079767,0.5271043542771666,0.3570191340403097,0.5406080688380461,False,1,False,False
BOSCHLTD,2022.0,11782,1217,73.0,1462.0,0.4604235588044405,0.45430788615042716,0.3569338307224321,0.528707884326408,False,1,False,False
BOSCHLTD,2023.0,14929,1424,53.0,1810.0,0.4334851280703582,0.43380602369840665,0.35702362368861906,0.5148575023529963,False,1,False,False
BOSCHLTD,2024.0,16727,2490,39.0,2095.0,0.41809418480379323,0.32822638421119005,0.3570864787649499,0.5035145171161506,False,1,False,False
BOSCHLTD,2024.0,16727,2490,31.0,2095.0,0.41809418480379323,0.32822638421119005,0.35712239595142475,0.5035145171161506,False,1,False,False
BOSCHLTD,2019.0,17150,2084,6695.0,2216.0,0.41447328991961246,0.368437766605008,0.3272033796179293,0.4986987233840161,False,1,False,False
BPCL,2013.0,242181,1936,33157.0,6709.0,1.5117999882886102,0.3830961030441338,0.20839830605596085,0.31987755612384805,False,1,False,False
BPCL,2014.0,264421,4053,33152.0,9414.0,1.702175170851683,0.1734224662763686,0.20842075429750762,0.21221869624431222,False,1,False,False
BPCL,2015.0,242598,5082,25492.0,9780.0,1.5153695229616677,0.0715074108989334,0.24281146034711376,0.19765191520331032,False,1,False,False
BPCL,2016.0,187815,8089,23388.0,12971.0,1.0464251153019184,0.2263143301311421,0.2522576803899821,0.07065028049883752,False,1,False,False
BPCL,2017.0,201251,9507,35725.0,13783.0,1.1614377480769835,0.3667570400681714,0.19686888919755505,0.038332722560877046,False,1,False,False
BPCL,2018.0,235895,9792,37659.0,15317.0,1.457991607101943,0.39498424199486626,0.1881859093672759,0.02272039797709264,False,1,False,False
BPCL,2019.0,298226,8528,44839.0,15112.0,1.9915471603545913,0.26979412537963,0.1559502345061568,0.014561408596203602,False,1,False,False
BPCL,2020.0,284572,3666,65476.0,8975.0,1.8746684399087192,0.21175203520840694,0.06329736234614088,0.2296908735038746,False,1,False,False
BPCL,2021.0,230171,17320,54532.0,21001.0,1.4089939656904757,1.1405785441147227,0.11243207344364606,0.24894330354281602,False,1,False,False
BPCL,2022.0,346791,11682,64534.0,19137.0,2.4072652692204026,0.5821751600350534,0.06752661105354675,0.17475620009902496,False,1,False,False
BPCL,2023.0,473187,2131,69376.0,10899.0,3.4892194767402844,0.3637827543574478,0.045787733939683446,0.153115773168116,True,1,False,True
BPCL,2024.0,448083,26859,54599.0,44082.0,3.2743283534011036,2.0853479447418892,0.11213126700691974,1.1675659079345229,True,1,False,True
BPCL,2024.0,448083,26859,58880.0,44082.0,3.2743283534011036,2.0853479447418892,0.0929110825946007,1.1675659079345229,True,1,False,True
BPCL,2019.0,445601,13734,6695.0,26554.0,3.2530823460665013,0.7854110139072565,0.3272033796179293,0.46995241589441034,True,1,False,True
BRITANNIA,2013.0,6185,260,380.0,421.0,0.5083340757471347,0.5490918589358552,0.35555550869146224,0.5701396304020445,False,1,False,False
BRITANNIA,2014.0,6913,395,150.0,627.0,0.5021023701308615,0.5357210790758419,0.3565881278026123,0.561940841072956,False,1,False,False
BRITANNIA,2015.0,7858,689,145.0,870.0,0.4940131368789683,0.5066024918251462,0.3566105760441591,0.5522694536604875,False,1,False,False
BRITANNIA,2016.0,8397,825,131.0,1224.0,0.4893992779130737,0.4931326691513549,0.35667343112048994,0.5381802719978792,False,1,False,False
BRITANNIA,2017.0,9054,885,125.0,1278.0,0.48377533479509083,0.48719010032468224,0.356700369010346,0.5360310747951084,False,1,False,False
BRITANNIA,2018.0,9914,1004,201.0,1501.0,0.4764137045341087,0.4754040054851149,0.3563591557388356,0.5271556863466291,False,1,False,False
BRITANNIA,2019.0,11055,1155,156.0,1732.0,0.4666467043855266,0.4604485406046555,0.3565611899127562,0.5179618983125541,False,1,False,False
BRITANNIA,2020.0,11600,1394,1538.0,1843.0,0.46198148520850885,0.436777308111743,0.3503564959492372,0.5135441040624142,False,1,False,False
BRITANNIA,2021.0,13136,1851,2122.0,2509.0,0.44883327116098726,0.3915147422152533,0.34773454133657794,0.4870373385615747,False,1,False,False
BRITANNIA,2022.0,14136,1516,2481.0,2201.0,0.44027323597379875,0.42469408483084203,0.34612275759352196,0.499295722607008,False,1,False,False
BRITANNIA,2023.0,16301,2316,2997.0,2831.0,0.42174075979353554,0.34545983380854056,0.3438060990658984,0.474221755241349,False,1,False,False
BRITANNIA,2024.0,16769,2134,2065.0,3167.0,0.4177346633259313,0.36348562591611416,0.3479904512902108,0.46084897264633085,False,1,False,False
BRITANNIA,2024.0,16769,2134,2754.0,3167.0,0.4177346633259313,0.36348562591611416,0.34489708360507,0.46084897264633085,False,1,False,False
BRITANNIA,2019.0,17244,2129,6695.0,3136.0,0.41366864661201674,0.3639808399850035,0.3272033796179293,0.4620827710405141,False,1,False,False
CANBK,2013.0,34070,2995,376040.0,7217.0,0.2696374945523825,0.2782097632533622,1.3310257751982304,0.299659182438523,False,1,False,False
CANBK,2014.0,39570,2672,447913.0,9636.0,0.22255730102284557,0.31020059210361645,1.6537102681360036,0.20338310774403237,False,1,False,False
CANBK,2015.0,43813,2931,499488.0,10302.0,0.18623707172360462,0.28454850333514636,1.8852638796906298,0.17687634224319287,False,1,False,False
CANBK,2016.0,44039,-2535,506712.0,17785.0,0.18430250377130003,0.8259165234450209,1.91769709907736,0.12094667013335678,False,1,False,False
CANBK,2017.0,41457,1411,534858.0,15691.0,0.2064045146246208,0.4350935802775191,2.044062740392271,0.0376055786036902,False,1,False,False
CANBK,2018.0,41345,-3873,563756.0,25582.0,0.20736323856558594,0.95843580827982,2.173804597235811,0.4312668662445365,False,1,False,False
CANBK,2019.0,47951,696,640166.0,27202.0,0.1508156461190185,0.505909192128701,2.5168586245530964,0.49574278232765956,False,1,False,False
CANBK,2020.0,49759,-1921,668170.0,26809.0,0.13533910250058162,0.7651042357854045,2.6425867358080795,0.4801014026852723,False,1,False,False
CANBK,2021.0,70253,2957,1060998.0,43437.0,0.04009025862566017,0.2819733901769216,4.40624630187266,1.141894941345872,True,1,False,True
CANBK,2022.0,70614,6158,1132626.0,41235.0,0.043180431328235236,0.03506265672606203,4.727830830974643,1.054255455410664,True,1,False,True
CANBK,2023.0,85885,11345,1237160.0,42772.0,0.17390072867179132,0.5487977317919089,5.197151727344033,1.115427975793232,True,1,False,True
CANBK,2024.0,110519,15401,1369780.0,46146.0,0.3847686354729936,0.9505153844749772,5.792568886129772,1.2497130010182058,True,-1,True,True
CANBK,2019.0,119392,16571,6695.0,48026.0,0.4607218276889175,1.066395476595093,0.3272033796179293,1.3245369036331882,False,1,False,False
CHOLAFIN,2013.0,2570,308,15269.0,688.0,0.5392786029488212,0.5443378038745171,0.288709135013579,0.559513044232789,False,1,False,False
CHOLAFIN,2014.0,3279,368,18075.0,932.0,0.5332095380011046,0.5383952350478446,0.2761111818575483,0.5498018568721211,False,1,False,False
CHOLAFIN,2015.0,3715,444,19950.0,1061.0,0.5294773626594904,0.530867981200726,0.2676930912775207,0.5446676635543909,False,1,False,False
CHOLAFIN,2016.0,4214,575,22546.0,1266.0,0.5252059051010833,0.517893372595824,0.25603796426645314,0.5365086741735019,False,1,False,False
CHOLAFIN,2017.0,4694,718,24071.0,1322.0,0.5210970882112328,0.5037302502255877,0.24919125059469735,0.5342798770743322,False,1,False,False
CHOLAFIN,2018.0,5559,918,38330.0,1451.0,0.5136926577743147,0.48392168747001235,0.18517335535170334,0.5291456837566021,False,1,False,False
CHOLAFIN,2019.0,7108,1197,50567.0,1632.0,0.5004331632693597,0.4562887424259847,0.13023352899021112,0.5219418931325001,False,1,False,False
CHOLAFIN,2020.0,8712,1054,55005.0,2421.0,0.48670286682910935,0.4704518647962211,0.11030846979332443,0.49053973400312706,False,1,False,False
CHOLAFIN,2021.0,9583,1521,63730.0,2913.0,0.4792470761810681,0.4241988707619526,0.07113628829426259,0.4709581594889934,False,1,False,False
CHOLAFIN,2022.0,10148,2154,69174.0,2926.0,0.4744106563003066,0.3615047696405566,0.046694642898171754,0.47044076016240044,False,1,False,False
CHOLAFIN,2023.0,12884,2665,97358.0,3621.0,0.45099040002815877,0.3108938918000616,0.079841605052494,0.4427797961637766,False,1,False,False
CHOLAFIN,2024.0,19163,3420,134475.0,5385.0,0.397241939087802,0.2361165673977646,0.24648388135056598,0.3725726875399314,False,1,False,False
CHOLAFIN,2024.0,19163,3420,157943.0,5385.0,0.397241939087802,0.2361165673977646,0.3518469478743463,0.3725726875399314,False,1,False,False
CHOLAFIN,2019.0,22502,3852,6695.0,6452.0,0.36865998159777946,0.19333007184572185,0.3272033796179293,0.33010614281110895,False,1,False,False
CIPLA,2013.0,8279,1545,967.0,6065.0,0.49040936206516195,0.4218218432312836,0.35292008513387496,0.3455087227642995,False,1,False,False
CIPLA,2014.0,10173,1404,1248.0,8026.0,0.4741966554206269,0.4357868799739642,0.35165849395894816,0.26746102434516095,False,1,False,False
CIPLA,2015.0,11345,1229,1703.0,9183.0,0.46416429418124194,0.45311937238509264,0.3496157039781948,0.22141248427838717,False,1,False,False
CIPLA,2016.0,13790,1383,5202.0,11310.0,0.443235008148566,0.4378667790632996,0.3339064245437859,0.13675799445813847,False,1,False,False
CIPLA,2017.0,14394,1035,4113.0,11898.0,0.43806474689550406,0.47233367825800077,0.33879565155266594,0.11335562491685675,False,1,False,False
CIPLA,2018.0,15156,1417,4098.0,12329.0,0.4315420000828664,0.4344993233948518,0.33886299627730615,0.09620184724289003,False,1,False,False
CIPLA,2019.0,16362,1492,4316.0,13265.0,0.42121859764711705,0.4270711123615111,0.33788425294586827,0.05894909572819666,False,1,False,False
CIPLA,2020.0,17132,1500,2816.0,13926.0,0.4146273705529819,0.42627876985128804,0.34461872540989036,0.03264132996835445,False,1,False,False
CIPLA,2021.0,19160,2389,2014.0,14907.0,0.3972676191933635,0.33822970840275557,0.34821942335398753,0.0064024192153145625,False,1,False,False
CIPLA,2022.0,21763,2547,1056.0,17211.0,0.37498584760111175,0.32258094382585106,0.35252050643434296,0.09810149986686746,False,1,False,False
CIPLA,2023.0,22753,2833,803.0,17726.0,0.36651141276579513,0.29425469908537827,0.35365638745660805,0.1185984731895887,False,1,False,False
CIPLA,2024.0,25774,4154,559.0,19483.0,0.3406515464652986,0.16341914208480304,0.35475186164408895,0.1885269821760377,False,1,False,False
CIPLA,2024.0,25774,4154,461.0,19483.0,0.3406515464652986,0.16341914208480304,0.3551918471784051,0.1885269821760377,False,1,False,False
CIPLA,2019.0,26981,4987,6695.0,20075.0,0.330319583994362,0.08091647820783168,0.3272033796179293,0.21208855151011724,False,1,False,False
COALINDIA,2013.0,68303,17356,1305.0,50216.0,0.023398190010642535,1.1441440854107263,0.3514025840053153,1.4116987901900027,False,1,False,False
COALINDIA,2014.0,70608,15112,178.0,52842.0,0.0431290711171121,0.9218920112931708,0.35646241764995057,1.5162134541617813,False,1,False,False
COALINDIA,2015.0,74120,13727,408.0,56777.0,0.07319191469451823,0.7847177142108114,0.3554297985388005,1.6728262503266516,False,1,False,False
COALINDIA,2016.0,77861,14267,1199.0,59147.0,0.10521500632979053,0.8382008336508648,0.3518784867261062,1.7671521275593687,False,1,False,False
COALINDIA,2017.0,78164,9280,3014.0,65716.0,0.10780869699150866,0.3442743213405934,0.3437297750446395,2.028597987281613,False,1,False,False
COALINDIA,2018.0,85244,7038,1538.0,75956.0,0.16841374611680346,0.1222203328505936,0.3503564959492372,2.4361494568440705,False,1,False,False
COALINDIA,2019.0,99586,17464,2210.0,74579.0,0.2911817707714614,1.154840709298737,0.3473394522853553,2.381344928173416,False,1,False,False
COALINDIA,2020.0,96080,16700,6434.0,74500.0,0.2611702874051784,1.0791719995724391,0.3283751778266691,2.3782007322656584,False,1,False,False
COALINDIA,2021.0,90026,12702,5884.0,71398.0,0.20934783438193902,0.6831988300884877,0.3308444843968105,2.2547412929509374,False,1,False,False
COALINDIA,2022.0,109715,17378,3514.0,84995.0,0.3778863671824941,1.1463230273138396,0.34148495088996544,2.795901188618978,False,1,False,False
COALINDIA,2023.0,138252,31723,4331.0,94020.0,0.6221640913192932,2.567092190957482,0.33781690822122806,3.1550957211190926,True,1,False,True
COALINDIA,2024.0,142324,37369,6523.0,94352.0,0.657020554601525,3.1262879175473746,0.32797559912713714,3.168309303921313,True,1,False,True
COALINDIA,2024.0,142324,37369,7816.0,94352.0,0.657020554601525,3.1262879175473746,0.32217048386315006,3.168309303921313,True,1,False,True
COALINDIA,2019.0,140328,34350,6695.0,93717.0,0.6399347243678966,2.8272776627519645,0.3272033796179293,3.1430363368146566,True,1,False,True
DABUR,2013.0,6140,766,1151.0,992.0,0.5087192773305582,0.4989761951642496,0.3520939898449549,0.5474138599801536,False,1,False,False
DABUR,2014.0,7058,916,708.0,1162.0,0.5008611650287191,0.4841197730975681,0.35408290404599607,0.5406478687862456,False,1,False,False
DABUR,2015.0,7795,1068,734.0,1320.0,0.4945524190957612,0.4690652654033308,0.35396617318995305,0.5343594769707312,False,1,False,False
DABUR,2016.0,7780,1254,805.0,1518.0,0.494680819623569,0.45064330204064573,0.35364740815998935,0.5264790872272384,False,1,False,False
DABUR,2017.0,7614,1280,975.0,1512.0,0.49610178546464234,0.44806818888242095,0.3528841679474002,0.5267178869164351,False,1,False,False
DABUR,2018.0,7722,1358,938.0,1617.0,0.495177301664426,0.44034284940774654,0.353050284934846,0.5225388923554919,False,1,False,False
DABUR,2019.0,8515,1446,699.0,1740.0,0.48838919376098544,0.4316270817952934,0.35412331088078025,0.5176434987269585,False,1,False,False
DABUR,2020.0,8685,1448,522.0,1792.0,0.4869339877791634,0.4314289961677376,0.35491797863153485,0.5155739014205866,False,1,False,False
DABUR,2021.0,9562,1695,509.0,2002.0,0.47942683691999904,0.40696542116460205,0.35497634405955636,0.5072159122987003,False,1,False,False
DABUR,2022.0,10889,1742,1030.0,2252.0,0.4680676702265999,0.40231040891704184,0.35263723729038604,0.4972659252488356,False,1,False,False
DABUR,2023.0,11530,1701,1174.0,2162.0,0.46258068767161203,0.4063711642819348,0.3519907279338399,0.5008479205867868,False,1,False,False
DABUR,2024.0,12404,1811,1365.0,2400.0,0.45509921691800925,0.39547645476636833,0.35113320510675444,0.4913755329153157,False,1,False,False
DABUR,2024.0,12404,1811,1752.0,2400.0,0.45509921691800925,0.39547645476636833,0.34939571121103674,0.4913755329153157,False,1,False,False
DABUR,2019.0,12447,1760,6695.0,2341.0,0.45473113540496013,0.4005276382690401,0.3272033796179293,0.49372372985908375,False,1,False,False
DIVISLAB,2013.0,2145,602,33.0,816.0,0.5429166179033764,0.5152192166238214,0.35711341665480606,0.5544186508632584,False,1,False,False
DIVISLAB,2014.0,2532,773,18.0,1018.0,0.5396038842859344,0.49828289546780447,0.35718076137944627,0.5463790613269677,False,1,False,False
DIVISLAB,2015.0,3115,852,27.0,1173.0,0.5346133837718036,0.4904585131793522,0.35714035454466214,0.5402100693560515,False,1,False,False
DIVISLAB,2016.0,3776,1126,42.0,1423.0,0.5289552005130719,0.46332078220421397,0.3570730098200219,0.5302600823061869,False,1,False,False
DIVISLAB,2017.0,4064,1060,36.0,1450.0,0.5264899103791616,0.46985760791355385,0.357099947709878,0.5291854837048015,False,1,False,False
DIVISLAB,2018.0,3891,877,63.0,1269.0,0.5279707964665452,0.4879824428349053,0.3569787272055256,0.5363892743289035,False,1,False,False
DIVISLAB,2019.0,4946,1353,106.0,1874.0,0.5189399593440613,0.44083806347663596,0.3567856723282236,0.512310305668231,False,1,False,False
DIVISLAB,2020.0,5394,1377,39.0,1826.0,0.5151050635802009,0.4384610359459669,0.3570864787649499,0.514220703181805,False,1,False,False
DIVISLAB,2021.0,6969,1984,5.0,2867.0,0.501623008160379,0.3783420479827957,0.3572391268074678,0.4727889571061685,False,1,False,False
DIVISLAB,2022.0,8960,2960,4.0,3885.0,0.48457997810268655,0.2816762617355879,0.3572436164557771,0.4322726098391195,False,1,False,False
DIVISLAB,2023.0,7767,1824,4.0,2370.0,0.4947921000810025,0.39418889818725594,0.3572436164557771,0.4925695313612995,False,1,False,False
DIVISLAB,2024.0,7845,1600,3.0,2210.0,0.4941244173364018,0.41637448847350034,0.35724810610408647,0.4989375230732129,False,1,False,False
DIVISLAB,2024.0,7845,1600,8.0,2210.0,0.4941244173364018,0.41637448847350034,0.35722565786253974,0.4989375230732129,False,1,False,False
DIVISLAB,2019.0,8614,1836,6695.0,2558.0,0.4875417502774538,0.3930003844219214,0.3272033796179293,0.4850871410998012,False,1,False,False
DLF,2013.0,7773,667,26600.0,2633.0,0.4947407398698794,0.5087814337282595,0.2378369300203561,0.48210214498484183,False,1,False,False
DLF,2014.0,8298,590,24133.0,2493.0,0.49024672139660536,0.5164077303891559,0.24891289239951778,0.487674137732766,False,1,False,False
DLF,2015.0,7649,507,24495.0,3014.0,0.49580218423309075,0.5246282839327197,0.24728763971153378,0.46693836472084804,False,1,False,False
DLF,2016.0,9926,305,25264.0,3966.0,0.47631098411186246,0.5446349323158508,0.2438351001616451,0.42904881403496337,False,1,False,False
DLF,2017.0,8221,708,29202.0,3446.0,0.4909058441060189,0.5047206783633664,0.22615486511943245,0.4497447870986819,False,1,False,False
DLF,2018.0,6707,4477,17491.0,2378.0,0.5038657373794223,0.13142831323454884,0.2787331364702076,0.4922511317757038,False,1,False,False
DLF,2019.0,8366,1314,17222.0,2148.0,0.4896646390038766,0.44470073321397313,0.2799408518654222,0.5014051198615793,False,1,False,False
DLF,2020.0,6083,-590,8103.0,1146.0,0.5092071993362279,0.6332782506470506,0.3208819547983672,0.5412846679574369,False,1,False,False
DLF,2021.0,5414,1083,6886.0,1469.0,0.5149338628764571,0.4675796231966627,0.32634585679084377,0.5284292846890117,False,1,False,False
DLF,2022.0,5717,1500,4182.0,1743.0,0.5123401722147389,0.42627876985128804,0.33848586581932094,0.5175240988823601,False,1,False,False
DLF,2023.0,5695,2034,3334.0,1726.0,0.5125284929888572,0.3733899072939018,0.3422930875856481,0.5182006980017508,False,1,False,False
DLF,2024.0,6427,2724,4834.0,2124.0,0.5062625472318352,0.3050503657871669,0.335558615121626,0.5023603186183663,False,1,False,False
DLF,2024.0,6427,2724,4290.0,2124.0,0.5062625472318352,0.3050503657871669,0.33800098380191135,0.5023603186183663,False,1,False,False
DLF,2019.0,7001,4004,6695.0,1885.0,0.5013490870343889,0.17827556415148457,0.3272033796179293,0.5118725062380369,False,1,False,False
DMART,2013.0,3341,94,526.0,215.0,0.5326788158194989,0.5655329660229828,0.35490002003829746,0.578338419731133,False,1,False,False
DMART,2014.0,4686,161,641.0,341.0,0.5211655684927303,0.558897097499865,0.35438371048272244,0.5733236262580013,False,1,False,False
DMART,2015.0,6439,212,904.0,456.0,0.5061598268095888,0.5538459139971933,0.3532029329773639,0.5687466322150635,False,1,False,False
DMART,2016.0,8584,320,1192.0,664.0,0.48779855133306943,0.5431492901091827,0.35190991426427165,0.5604682429895761,False,1,False,False
DMART,2017.0,11898,479,1497.0,969.0,0.4594305947227267,0.5274014827185003,0.35054057152992046,0.5483292587887412,False,1,False,False
DMART,2018.0,15033,806,439.0,1353.0,0.4325948844108906,0.4950144826131345,0.3552906194412107,0.533046078680149,False,1,False,False
DMART,2019.0,20005,902,700.0,1633.0,0.3900343894601892,0.48550637249045836,0.3541188212324709,0.5219020931843006,False,1,False,False
DMART,2020.0,24870,1301,333.0,2128.0,0.34838981827451704,0.4459882897930855,0.3557665221620016,0.5022011188255685,False,1,False,False
DMART,2021.0,24143,1099,393.0,1745.0,0.3546129638556031,0.4659949381762166,0.35549714326344073,0.5174444989859611,False,1,False,False
DMART,2022.0,30976,1492,647.0,2502.0,0.2961222434215438,0.4270711123615111,0.35435677259286635,0.4873159381989709,False,1,False,False
DMART,2023.0,42840,2378,643.0,3639.0,0.19456598596073907,0.3393191793543122,0.35437473118610374,0.44206339709618636,False,1,False,False
DMART,2024.0,50789,2536,592.0,4106.0,0.12652226625777743,0.3236704147774077,0.3546037032498805,0.4234768212870391,False,1,False,False
DMART,2024.0,50789,2536,713.0,4106.0,0.12652226625777743,0.3236704147774077,0.35406045580444934,0.4234768212870391,False,1,False,False
DMART,2019.0,57213,2720,6695.0,4476.0,0.0715326002152783,0.30544653704227837,0.3272033796179293,0.4087508404532394,False,1,False,False
DRREDDY,2013.0,11833,1527,3682.0,2669.0,0.4599869970098939,0.4236046138792854,0.34073068997399497,0.48066934684966134,False,1,False,False
DRREDDY,2014.0,13415,1963,4477.0,3251.0,0.4464450213437616,0.3804219470721311,0.3371614195680633,0.45750577699757633,False,1,False,False
DRREDDY,2015.0,15023,2336,4314.0,3508.0,0.4326804847627625,0.34347897753298307,0.33789323224248696,0.44727719031031543,False,1,False,False
DRREDDY,2016.0,15568,2131,3352.0,3585.0,0.42801526558574476,0.3637827543574478,0.34221227391607983,0.4442125942989571,False,1,False,False
DRREDDY,2017.0,14196,1292,4918.0,2472.0,0.4397596338625674,0.44687967511708643,0.3351814846636408,0.4885099366449547,False,1,False,False
DRREDDY,2018.0,14281,947,5071.0,2351.0,0.4390320308716564,0.4810494458704539,0.3344945684723105,0.4933257303770892,False,1,False,False
DRREDDY,2019.0,15448,1950,3838.0,3178.0,0.42904246980820737,0.3817095036512435,0.34003030483773666,0.46041117321613684,False,1,False,False
DRREDDY,2020.0,17517,2026,2210.0,2477.0,0.4113317570059143,0.37418224980412484,0.3473394522853553,0.4883109369039574,False,1,False,False
DRREDDY,2021.0,19048,1952,3031.0,3874.0,0.39822634313432864,0.3815114180236877,0.3436534510233806,0.43271040926931353,False,1,False,False
DRREDDY,2022.0,21545,2182,3384.0,3768.0,0.3768519352719189,0.3587315708547761,0.3420686051701807,0.4369292037784562,False,1,False,False
DRREDDY,2023.0,24670,4507,1347.0,6470.0,0.3501018253119547,0.12845702882121254,0.3512140187763227,0.3293897437435187,False,1,False,False
DRREDDY,2024.0,28011,5578,2002.0,7933.0,0.32150274775155785,0.022382175265106507,0.3482732991336997,0.2711624195277106,False,1,False,False
DRREDDY,2024.0,28011,5578,4854.0,7933.0,0.32150274775155785,0.022382175265106507,0.33546882215543905,0.2711624195277106,False,1,False,False
DRREDDY,2019.0,31229,5448,6695.0,8311.0,0.2939565545191851,0.03525774105623049,0.3272033796179293,0.2561180391083152,False,1,False,False
EICHERMOT,2012.0,6390,475,23.0,550.0,0.5065792685337611,0.5277976539736118,0.35715831313789953,0.5650054370843144,False,1,False,False
EICHERMOT,2013.0,6810,525,84.0,715.0,0.5029840537551419,0.522845513284718,0.3568844445910293,0.5584384456314037,False,1,False,False
EICHERMOT,2014.0,8738,702,58.0,1118.0,0.4864803059142424,0.5053149352460338,0.3570011754470723,0.5423990665070217,False,1,False,False
EICHERMOT,2016.0,6173,1338,23.0,1690.0,0.508436796169381,0.4423237056833041,0.35715831313789953,0.5196334961369314,False,1,False,False
EICHERMOT,2017.0,7033,1667,112.0,2174.0,0.5010751659083988,0.40973861995038263,0.35675873443836753,0.5003703212083934,False,1,False,False
EICHERMOT,2018.0,8965,1960,151.0,2809.0,0.4845371779267506,0.38071907551346473,0.35658363815430294,0.4750973541017371,False,1,False,False
EICHERMOT,2019.0,9797,2203,187.0,2904.0,0.47741522865100977,0.35665167176544066,0.35642201081516645,0.4713163590227885,False,1,False,False
EICHERMOT,2020.0,9154,1827,249.0,2183.0,0.482919331276372,0.3938917697459223,0.3561436526199869,0.5000121216745983,False,1,False,False
EICHERMOT,2021.0,8720,1347,219.0,1783.0,0.4866343865476118,0.4414323203593032,0.3562783420692673,0.5159321009543817,False,1,False,False
EICHERMOT,2022.0,10298,1677,108.0,2178.0,0.4731266510222283,0.40874819181260386,0.3567766930316049,0.5002111214155955,False,1,False,False
EICHERMOT,2023.0,14442,2914,288.0,3446.0,0.43765386520651905,0.28623223116937024,0.3559685563359223,0.4497447870986819,False,1,False,False
EICHERMOT,2024.0,16536,4001,419.0,4329.0,0.41972915152454626,0.1785726925928182,0.3553804124073977,0.4146014328385598,False,1,False,False
EICHERMOT,2024.0,16536,4001,404.0,4329.0,0.41972915152454626,0.1785726925928182,0.3554477571320379,0.4146014328385598,False,1,False,False
EICHERMOT,2019.0,17091,4268,6695.0,4472.0,0.4149783319956566,0.1521282613141251,0.3272033796179293,0.4089100402460372,False,1,False,False
GAIL,2013.0,50974,4367,16472.0,7427.0,0.12493865974814755,0.1423230227501153,0.28330808809743324,0.2913011933166367,False,1,False,False
GAIL,2014.0,61765,4786,18537.0,7988.0,0.032567320043196096,0.10082408377718492,0.2740369643386295,0.2689734223767404,False,1,False,False
GAIL,2015.0,60557,3160,18291.0,5631.0,0.04290784254931984,0.26186769898001255,0.27514141782272916,0.36278190028286456,False,1,False,False
GAIL,2016.0,52053,1874,9052.0,4536.0,0.11570238178117112,0.3892367574983621,0.31662127855279587,0.4063628435612719,False,1,False,False
GAIL,2017.0,48552,3374,6553.0,6021.0,0.1456710649715182,0.24067253683154693,0.3278409096778567,0.34725992048507565,False,1,False,False
GAIL,2018.0,54496,4805,3876.0,7802.0,0.09479021581886954,0.09894227031540526,0.3398596982019814,0.27637621274183966,False,1,False,False
GAIL,2019.0,76190,6553,2224.0,9938.0,0.09091118753199849,0.07418456816832336,0.34727659720902443,0.19136352338779583,False,1,False,False
GAIL,2020.0,72518,9515,6912.0,9022.0,0.0594787383246422,0.3675493825783944,0.32622912593480075,0.22782027593850004,False,1,False,False
GAIL,2021.0,57372,6143,7873.0,7245.0,0.07017155462051532,0.03357701451939388,0.3219145739095172,0.2985447838889382,False,1,False,False
GAIL,2022.0,92770,12304,9216.0,15161.0,0.23283657093558435,0.6437797902048927,0.3158849762300628,0.01651160605797708,False,1,False,False
GAIL,2023.0,145668,5596,17816.0,7500.0,0.6856453122674834,0.020599404617104723,0.27727400076966946,0.2883957970980762,False,1,False,False
GAIL,2024.0,133228,9903,21794.0,14314.0,0.579158474538858,0.4059779943242106,0.25941417979508286,0.017198950066964463,False,1,False,False
GAIL,2024.0,133228,9903,19632.0,14314.0,0.579158474538858,0.4059779943242106,0.26912079943989337,0.017198950066964463,False,1,False,False
GAIL,2019.0,136081,11541,6695.0,16784.0,0.6035802549279069,0.5682101232923727,0.3272033796179293,0.08110692198569859,False,1,False,False
GODREJCP,2013.0,6412,845,2456.0,995.0,0.506390947759643,0.49115181287579734,0.3462349988012557,0.5472944601355553,False,1,False,False
GODREJCP,2014.0,7599,819,2373.0,1169.0,0.49623018599245017,0.49372692603402213,0.34660763961093155,0.5403692691488494,False,1,False,False
GODREJCP,2015.0,8273,976,2717.0,1379.0,0.49046072227628507,0.4781772042708955,0.34506320059251583,0.5320112800269631,False,1,False,False
GODREJCP,2016.0,8424,831,2891.0,1657.0,0.48916815696301963,0.4925384122686876,0.3442820017866893,0.5209468944275135,False,1,False,False
GODREJCP,2017.0,9268,1308,4001.0,1907.0,0.4819434872650325,0.44529499009664036,0.3392984921633129,0.5109969073776489,False,1,False,False
GODREJCP,2018.0,9847,1634,3508.0,2084.0,0.47698722689165035,0.4130070328050526,0.3415118887798215,0.5039523165463446,False,1,False,False
GODREJCP,2019.0,10314,2342,3382.0,2132.0,0.4729896904592333,0.3428847206503158,0.34207758446679937,0.5020419190327706,False,1,False,False
GODREJCP,2020.0,9911,1497,3575.0,2154.0,0.4764393846396703,0.42657589829262166,0.3412110823430952,0.5011663201723826,False,1,False,False
GODREJCP,2021.0,11029,1721,1864.0,2399.0,0.46686926530039347,0.40439030800637726,0.34889287060038976,0.4914153328635152,False,1,False,False
GODREJCP,2022.0,12276,1783,1704.0,2409.0,0.4561949014219694,0.3982496535521489,0.3496112143298854,0.4910173333815206,False,1,False,False
GODREJCP,2023.0,13316,1702,1130.0,2443.0,0.44729246482729335,0.40627212146815694,0.3521882724594512,0.489664135142739,False,1,False,False
GODREJCP,2024.0,14096,-561,3222.0,2957.0,0.4406156373812863,0.6304060090474921,0.34279592819629506,0.4692069617682172,False,1,False,False
GODREJCP,2024.0,14096,-561,3828.0,2957.0,0.4406156373812863,0.6304060090474921,0.34007520132083013,0.4692069617682172,False,1,False,False
GODREJCP,2019.0,14152,-453,6695.0,2996.0,0.4401362754108037,0.6197093851594814,0.3272033796179293,0.4676547637884383,False,1,False,False
GRASIM,2013.0,27909,3778,9550.0,5924.0,0.32237587134065104,0.2006592400652847,0.31438543369474053,0.35112051546042317,False,1,False,False
GRASIM,2014.0,28331,2954,9681.0,4915.0,0.3187635364916575,0.2822705186182552,0.31379728976621596,0.391278663193677,False,1,False,False
GRASIM,2015.0,31734,2582,11930.0,5144.0,0.2896337367496549,0.3191144453436254,0.30370007071849214,0.382164475056001,False,1,False,False
GRASIM,2016.0,34487,3455,12505.0,5911.0,0.2660679598793249,0.23265006891553894,0.30111852294061703,0.3516379147870161,False,1,False,False
GRASIM,2017.0,36068,4246,9213.0,7387.0,0.25253454424837984,0.1543072032172384,0.3158984451749908,0.29289319124461505,False,1,False,False
GRASIM,2018.0,55894,3688,67070.0,11612.0,0.08282328662717997,0.20957309330529364,0.05614086294104007,0.12473841010190194,False,1,False,False
GRASIM,2019.0,77200,2745,84487.0,16640.0,0.09955682307105891,0.30297046669783145,0.022055341662875108,0.07537572944497653,False,1,False,False
GRASIM,2020.0,68252,6639,84777.0,10373.0,0.02296162821609592,0.08270225015322076,0.023357339672586044,0.1740505459210313,False,1,False,False
GRASIM,2021.0,76404,6987,79078.0,18635.0,0.09274303506205683,0.11716914934792189,0.002229166042388555,0.1547766261028967,False,1,False,False
GRASIM,2022.0,95701,11206,74744.0,20431.0,0.257926034069234,0.535030780676784,0.02168730181510305,0.22625733306912457,False,1,False,False
GRASIM,2023.0,117627,11078,103039.0,21589.0,0.4456133655835297,0.5223533005132158,0.10534729709790033,0.27234567308409774,False,1,False,False
GRASIM,2024.0,130978,9926,137155.0,27195.0,0.5598983953676838,0.4082559790411018,0.25851613881961877,0.4954641826902634,False,1,False,False
GRASIM,2024.0,130978,9926,158159.0,27195.0,0.5598983953676838,0.4082559790411018,0.35281671190916547,0.4954641826902634,False,1,False,False
GRASIM,2019.0,137116,8693,6695.0,27506.0,0.612439891346647,0.2861361896529797,0.3272033796179293,0.507841966580295,False,1,False,False
HAL,2013.0,14328,2997,6695.0,768.0,0.43862970921785854,0.2780116776258065,0.3272033796179293,0.5563290483768324,False,1,False,False
HAL,2014.0,15135,2693,6695.0,1570.0,0.43172176082179736,0.308120693014281,0.3272033796179293,0.5244094899208664,False,1,False,False
HAL,2015.0,15730,2388,6695.0,2351.0,0.4266285398854202,0.33832875121653344,0.3272033796179293,0.4933257303770892,False,1,False,False
HAL,2016.0,16758,1998,18.0,2478.0,0.4178288237129904,0.37695544858990543,0.35718076137944627,0.4882711369557579,False,1,False,False
HAL,2017.0,17950,2616,2.0,3236.0,0.40762526176986164,0.31574698967517756,0.3572525957523958,0.4581027762205682,False,1,False,False
HAL,2018.0,18519,1987,3.0,3460.0,0.40275460174835137,0.378044919541462,0.35724810610408647,0.44918758782388946,False,1,False,False
HAL,2019.0,20008,2346,8.0,4569.0,0.39000870935462767,0.3424885493952043,0.35722565786253974,0.40504944527068976,False,1,False,False
HAL,2020.0,21445,2842,2.0,4880.0,0.37770793879063774,0.2933633137613774,0.3572525957523958,0.39267166138065807,False,1,False,False
HAL,2021.0,22882,3239,6.0,5341.0,0.3654071682266478,0.25404331669156033,0.35723463715915843,0.3743238852607076,False,1,False,False
HAL,2022.0,24620,5086,12.0,5420.0,0.35052982707131414,0.07111123964382189,0.35720769926930235,0.37117968935295037,False,1,False,False
HAL,2023.0,26928,5811,47.0,6669.0,0.330773265859283,0.0006948003451387854,0.35705056157847515,0.3214695540518264,False,1,False,False
HAL,2024.0,30381,7595,123.0,9749.0,0.301215464357921,0.17738718012487098,0.3567093483069647,0.19888571359749355,False,1,False,False
HAL,2024.0,30381,7595,124.0,9749.0,0.301215464357921,0.17738718012487098,0.35670485865865537,0.19888571359749355,False,1,False,False
HAL,2019.0,31154,8472,6695.0,9954.0,0.29459855715822425,0.26424772780806893,0.3272033796179293,0.1907267242166045,False,1,False,False
HAVELLS,2013.0,7135,581,982.0,674.0,0.5002020423193057,0.5172991157131568,0.35285274040923476,0.5600702435075815,False,1,False,False
HAVELLS,2014.0,8051,446,1054.0,777.0,0.4923610500878409,0.5306698955731701,0.35252948573096166,0.5559708488430373,False,1,False,False
HAVELLS,2015.0,8468,385,424.0,755.0,0.48879151541478333,0.5367115072136207,0.35535796416585097,0.5568464477034253,False,1,False,False
HAVELLS,2016.0,7594,1300,134.0,796.0,0.4962729861683861,0.4460873326068634,0.3566599621755619,0.5552146498272476,False,1,False,False
HAVELLS,2017.0,6130,494,208.0,815.0,0.5088048776824301,0.525915840511832,0.3563277282006701,0.5544584508114578,False,1,False,False
HAVELLS,2018.0,8116,661,115.0,1033.0,0.4918046478006737,0.5093756906109267,0.3567452654934395,0.5457820621039758,False,1,False,False
HAVELLS,2019.0,10073,788,94.0,1189.0,0.47505265893934573,0.49679725326113633,0.35683954810793583,0.5395732701848602,False,1,False,False
HAVELLS,2020.0,9440,735,72.0,1067.0,0.48047116121283606,0.5020465223913638,0.35693832037074147,0.5444288638651942,False,1,False,False
HAVELLS,2021.0,10457,1044,521.0,1589.0,0.4717656054274653,0.47144229293399986,0.3549224682798442,0.5236532909050767,False,1,False,False
HAVELLS,2022.0,13938,1196,616.0,1775.0,0.4419681229408621,0.4563877852397626,0.3544959516904561,0.5162505005399775,False,1,False,False
HAVELLS,2023.0,16911,1072,223.0,1621.0,0.41651913832935056,0.46866909414821933,0.3562603834760299,0.522379692562694,False,1,False,False
HAVELLS,2024.0,18590,1271,303.0,1881.0,0.402146839250061,0.44895957420642185,0.3559012116112821,0.5120317060308348,False,1,False,False
HAVELLS,2024.0,18590,1271,332.0,1881.0,0.402146839250061,0.44895957420642185,0.35577101181031096,0.5120317060308348,False,1,False,False
HAVELLS,2019.0,20677,1400,6695.0,2008.0,0.3842820458143985,0.43618305122907575,0.3272033796179293,0.5069771126095035,False,1,False,False
HCLTECH,2013.0,25581,4040,1044.0,5680.0,0.342303633256426,0.174710022855481,0.3525743822140551,0.3608317028210911,False,1,False,False
HCLTECH,2014.0,32144,6528,1018.0,8035.0,0.2861241223229076,0.07170849782387644,0.3526911130700982,0.26710282481136577,False,1,False,False
HCLTECH,2015.0,36701,7342,648.0,8486.0,0.24711604197488948,0.15232934823906816,0.354352282944557,0.2491530481734099,False,1,False,False
HCLTECH,2016.0,31136,5602,1090.0,6654.0,0.29475263779159366,0.020005147734437463,0.35236785839182516,0.3220665532748183,False,1,False,False
HCLTECH,2017.0,47568,8606,582.0,10390.0,0.1540941395957117,0.2775194648543044,0.35464859973297397,0.1733739468016405,False,1,False,False
HCLTECH,2018.0,50569,8722,557.0,11246.0,0.1284054739989589,0.2890084312525381,0.35476084094070764,0.13930519114290382,False,1,False,False
HCLTECH,2019.0,60427,10120,4195.0,13926.0,0.04402064712365435,0.42747028491400985,0.33842750039129943,0.03264132996835445,False,1,False,False
HCLTECH,2020.0,70676,11057,7986.0,17316.0,0.04371115350984092,0.5202734014238805,0.3214072436505609,0.10228049442781063,False,1,False,False
HCLTECH,2021.0,75379,11169,6864.0,20048.0,0.08396899899518859,0.5313661965670026,0.32644462905364946,0.21101395290873187,False,1,False,False
HCLTECH,2022.0,85651,13523,6343.0,20529.0,0.1718976804379892,0.7645129802001246,0.3287837358228198,0.2301577279926715,False,1,False,False
HCLTECH,2023.0,101456,14845,4794.0,22628.0,0.307189036571504,0.8954475800144777,0.33573820105399993,0.3136978192633354,False,1,False,False
HCLTECH,2024.0,109913,15710,5758.0,24198.0,0.3795812541495574,0.9811196139323412,0.33141018008378836,0.3761837379364856,False,1,False,False
HCLTECH,2024.0,109913,15710,5791.0,24198.0,0.3795812541495574,0.9811196139323412,0.3312620216895799,0.3761837379364856,False,1,False,False
HCLTECH,2019.0,115308,17085,6695.0,25139.0,0.4257626439844395,1.1173034828769217,0.3272033796179293,0.41363548919217624,False,1,False,False
HDFCBANK,2013.0,35861,6903,335588.0,12631.0,0.2543064715321278,0.10884955299058023,1.1494105217884825,0.0841822628866535,False,1,False,False
HDFCBANK,2014.0,42555,8768,416677.0,13508.0,0.19700559598908782,0.29356440068632045,1.5134716135452075,0.0492777083157282,False,1,False,False
HDFCBANK,2015.0,50666,10703,509762.0,16164.0,0.12757515058580163,0.485212245346512,1.9313905264208717,0.05643095410203418,False,1,False,False
HDFCBANK,2016.0,63162,12821,649587.0,20055.0,0.020608950886693712,0.6949849249280551,2.5591556012754646,0.21129255254612808,False,1,False,False
HDFCBANK,2017.0,73271,15317,741550.0,23856.0,0.06592444482059516,0.9421957881176355,2.9720371287480405,0.3625721556522707,False,1,False,False
HDFCBANK,2018.0,85288,18561,944817.0,29532.0,0.16879038766503976,1.2634906760130677,3.8846344716442927,0.5884766616323984,True,1,False,True
HDFCBANK,2019.0,105161,22446,1080235.0,34856.0,0.3389039669400375,1.6482720075401192,4.492613666399588,0.8003715858463167,True,1,False,True
HDFCBANK,2020.0,122189,27296,1333041.0,45459.0,0.4846642461074838,2.1286296543628214,5.627623696892634,1.2223704366051775,True,-1,True,True
HDFCBANK,2021.0,128552,31857,1511418.0,52457.0,0.5391317500035645,2.5803639280037176,6.428473693369213,1.5008904741049898,True,-1,True,True
HDFCBANK,2022.0,135936,38151,1784970.0,56557.0,0.6023390498257646,3.203739397921674,7.656625967687995,1.6640702617227705,True,-1,True,True
HDFCBANK,2023.0,170754,46149,2139212.0,63042.0,0.9003823549732949,3.9958838225171327,9.24704796408807,1.9221729257962603,True,-1,True,True
HDFCBANK,2024.0,283649,65446,3107503.0,174196.0,1.866767527430944,5.907112999988821,13.594334015195013,6.3460963679588955,True,-1,True,True
HDFCBANK,2019.0,329022,72168,6695.0,206009.0,2.2551620039792497,6.572878794203708,0.3272033796179293,7.612252120028276,True,-1,True,True
HDFCLIFE,2013.0,14060,447,0.0,13535.0,0.44092379864802506,0.5305708527593923,0.3572615750490145,0.04820310971434281,False,1,False,False
HDFCLIFE,2014.0,17166,725,0.0,16561.0,0.41433632935661746,0.5030369505291425,0.3572615750490145,0.0722315335372193,False,1,False,False
HDFCLIFE,2015.0,27215,786,0.0,26341.0,0.3283165357605599,0.4969953388886921,0.3572615750490145,0.46147502692792564,False,1,False,False
HDFCLIFE,2016.0,18141,817,0.0,17187.0,0.40599029504910866,0.4939250116615779,0.3572615750490145,0.09714630111008045,False,1,False,False
HDFCLIFE,2017.0,30647,887,0.0,29674.0,0.29893849499812886,0.4869920146971265,0.3572615750490145,0.5941282542767216,False,1,False,False
HDFCLIFE,2018.0,32260,1107,0.0,31186.0,0.2851311582411937,0.46520259566599365,0.3572615750490145,0.6543057759543032,False,1,False,False
HDFCLIFE,2019.0,38855,1278,0.0,37640.0,0.2286777261816854,0.4482662745099767,0.3572615750490145,0.9111746416336098,False,1,False,False
HDFCLIFE,2020.0,29380,1297,0.0,28239.0,0.30978405958029676,0.446384461048197,0.3572615750490145,0.5370153286104983,False,1,False,False
HDFCLIFE,2021.0,71528,1361,600.0,70294.0,0.05100430348932555,0.4400457209664129,0.35456778606340567,2.210802150138735,False,1,False,False
HDFCLIFE,2022.0,67126,1327,600.0,66348.0,0.013323028595321631,0.44341317663486074,0.35456778606340567,2.053751554543671,False,1,False,False
HDFCLIFE,2023.0,70207,1368,950.0,70127.0,0.039696497007049504,0.43935242126996776,0.35299640915513386,2.2041555587894255,False,1,False,False
HDFCLIFE,2024.0,101482,1574,950.0,100951.0,0.30741159748637087,0.4189496016317252,0.35299640915513386,3.4309491620895414,True,1,False,True
HDFCLIFE,2024.0,101482,1574,950.0,100951.0,0.30741159748637087,0.4189496016317252,0.35299640915513386,3.4309491620895414,True,1,False,True
HDFCLIFE,2019.0,100772,1747,6695.0,100048.0,0.301333972503467,0.4018151948481525,0.3272033796179293,3.39500980886543,True,1,False,True
HEROMOTOCO,2014.0,25275,2102,284.0,21722.0,0.3449230040237057,0.36665499595700624,0.35598651492915967,0.27763906619462575,False,1,False,False
HEROMOTOCO,2015.0,27538,2364,100.0,24018.0,0.325551644395098,0.3407057787472025,0.3568126102180797,0.369019747260583,False,1,False,False
HEROMOTOCO,2016.0,28457,3112,232.0,24033.0,0.3176849720580717,0.2666217540413507,0.3562199766412458,0.3696167464835749,False,1,False,False
HEROMOTOCO,2017.0,28610,3546,261.0,24025.0,0.3163752866744319,0.22363717286175214,0.35608977684027465,0.3692983468979792,False,1,False,False
HEROMOTOCO,2018.0,32458,3722,228.0,27124.0,0.2834362712741304,0.20620563763684582,0.35623793523448316,0.4926383863681018,False,1,False,False
HEROMOTOCO,2019.0,33971,3466,312.0,28946.0,0.27048493803591417,0.2315605979639823,0.35586080477649795,0.5651538919875156,False,1,False,False
HEROMOTOCO,2020.0,29254,3659,453.0,25184.0,0.3108626240138825,0.21244533490485207,0.35522776436487985,0.41542648686115186,False,1,False,False
HEROMOTOCO,2021.0,30959,2936,584.0,26902.0,0.29626776401972604,0.284053289266257,0.3546396204363553,0.483802797867822,False,1,False,False
HEROMOTOCO,2022.0,29551,2329,605.0,26295.0,0.3083202935632875,0.34417227722942817,0.35454533782185893,0.4596442293107505,False,1,False,False
HEROMOTOCO,2023.0,34158,2800,568.0,30060.0,0.2688842114559099,0.2975231119400482,0.3547114548093048,0.6094910342817126,False,1,False,False
HEROMOTOCO,2024.0,37789,3742,606.0,32554.0,0.23780272369122835,0.2042247813612883,0.3545408481735496,0.7087521050911627,False,1,False,False
HEROMOTOCO,2024.0,37789,3742,588.0,32554.0,0.23780272369122835,0.2042247813612883,0.3546216618431179,0.7087521050911627,False,1,False,False
HEROMOTOCO,2019.0,40098,4133,6695.0,34537.0,0.21803760244401002,0.16549904117413847,0.3272033796179293,0.7876754023706894,False,1,False,False
HINDALCO,2013.0,80193,3007,56951.0,72494.0,0.12517700838631418,0.2770212494880277,0.1015716141833331,2.298362036177544,False,1,False,False
HINDALCO,2014.0,87695,2195,64756.0,79671.0,0.18939439236060257,0.3574440142756637,0.06652990912887148,2.5840062644050596,False,1,False,False
HINDALCO,2015.0,104281,259,68468.0,95437.0,0.3313711359753116,0.5491909017496331,0.04986433460457148,3.2114922477177257,True,1,False,True
HINDALCO,2016.0,98759,-702,67552.0,90981.0,0.2841026216716565,0.6443710457901727,0.0539768524559343,3.0341436785409375,True,1,False,True
HINDALCO,2017.0,100184,1882,63817.0,87867.0,0.29630067181340014,0.3884444149881391,0.07074568889134931,2.9102066398478232,False,1,False,False
HINDALCO,2018.0,115183,6083,52074.0,101488.0,0.424692639586041,0.02763444569272127,0.12346762898802359,3.4523217342726507,True,1,False,True
HINDALCO,2019.0,130542,5495,52415.0,115031.0,0.5561662200260696,0.03060272880867028,0.12193665891453591,3.99133243273792,True,1,False,True
HINDALCO,2020.0,118144,3767,68399.0,103838.0,0.4500389037753062,0.20174871101684136,0.050174120337916496,3.5458516125413784,True,1,False,True
HINDALCO,2021.0,132008,3483,67206.0,114449.0,0.568715231610488,0.22987687012975838,0.05553027077096873,3.968168862885835,True,1,False,True
HINDALCO,2022.0,195059,13730,64486.0,166712.0,1.1084340101979122,0.785014842652145,0.06774211417239547,6.048233555634146,True,1,False,True
HINDALCO,2023.0,223202,10097,60291.0,200536.0,1.3493390804709589,0.4251923001971187,0.08657618883011058,7.3944270035326385,True,1,False,True
HINDALCO,2024.0,215962,10155,56356.0,192090.0,1.287364425715714,0.43093678339623553,0.1042429549273952,7.05827664104001,True,1,False,True
HINDALCO,2024.0,215962,10155,60959.0,192090.0,1.287364425715714,0.43093678339623553,0.08357710375946607,7.05827664104001,True,1,False,True
HINDALCO,2019.0,224018,12488,6695.0,196087.0,1.3563240691837049,0.6620036679400221,0.3272033796179293,7.217357033993246,True,1,False,True
HINDUNILVR,2013.0,27004,3839,25.0,22784.0,0.3301227031850567,0.19461762842483424,0.35714933384128084,0.31990661118245095,False,1,False,False
HINDUNILVR,2014.0,29234,3956,46.0,24475.0,0.31103382471762625,0.18302961921282265,0.3570550512267845,0.38720832358773566,False,1,False,False
HINDUNILVR,2015.0,31972,4376,43.0,26560.0,0.28759644837510406,0.1414316374261144,0.35706852017171253,0.4701912155836071,False,1,False,False
HINDUNILVR,2016.0,32186,4151,177.0,26276.0,0.2857646008450457,0.1637162705261367,0.3564669072982599,0.4588880302949608,False,1,False,False
HINDUNILVR,2017.0,33162,4490,277.0,26834.0,0.2774100065023497,0.13014075665543645,0.3560179424673251,0.4810964013902588,False,1,False,False
HINDUNILVR,2018.0,35545,5227,0.0,28046.0,0.2570114426512794,0.05714620290114126,0.3572615750490145,0.5293339386080027,False,1,False,False
HINDUNILVR,2019.0,39310,6060,99.0,30430.0,0.2247829101715146,0.025356460975830105,0.35681709986638904,0.6242170151155123,False,1,False,False
HINDUNILVR,2020.0,39783,6756,0.0,29922.0,0.22073401352797442,0.09429025936523235,0.3572615750490145,0.6039986414301873,False,1,False,False
HINDUNILVR,2021.0,47028,7999,0.0,35402.0,0.1587165585967935,0.2174004768911332,0.3572615750490145,0.8221023575632213,False,1,False,False
HINDUNILVR,2022.0,52446,8892,1043.0,39589.0,0.11233828795260603,0.3058457095947772,0.3525788718623645,0.9887447406743549,False,1,False,False
HINDUNILVR,2023.0,60580,10143,1219.0,46433.0,0.04271096174001451,0.429748269630901,0.3517886937599192,1.2611355861514504,False,1,False,False
HINDUNILVR,2024.0,61896,10282,1484.0,47237.0,0.03144595543367439,0.4435152207460259,0.350598936957942,1.2931347445038153,False,1,False,False
HINDUNILVR,2024.0,61896,10282,1651.0,47237.0,0.03144595543367439,0.4435152207460259,0.34984916569028085,1.2931347445038153,False,1,False,False
HINDUNILVR,2019.0,62661,10757,6695.0,47902.0,0.024897528515475168,0.4905605572905174,0.3272033796179293,1.3196017100564552,False,1,False,False
ICICIBANK,2013.0,44885,10130,487659.0,31684.0,0.17706071400293852,0.4284607130517886,1.8321558298393517,0.6741261501576337,False,1,False,False
ICICIBANK,2014.0,49479,11677,543055.0,32852.0,0.1377359123529944,0.581679945966164,2.080864387583997,0.7206124896546015,False,1,False,False
ICICIBANK,2015.0,54964,12942,597207.0,38766.0,0.0907841193512653,0.7069691053951781,2.323987822831813,0.9559893833062003,False,1,False,False
ICICIBANK,2016.0,59294,10927,671455.0,52252.0,0.053719166990738955,0.5073978356327564,2.657335230504288,1.4927314847241007,False,1,False,False
ICICIBANK,2017.0,60940,11340,700874.0,63841.0,0.039629349072626635,0.5483025177230195,2.7894161941169986,1.953973084407628,False,1,False,False
ICICIBANK,2018.0,62162,9100,815198.0,72806.0,0.029168986073882245,0.3264466148605755,3.3026907474349065,2.3107796200157753,True,1,False,True
ICICIBANK,2019.0,71982,5689,891641.0,83775.0,0.054890559464309145,0.011388422935762182,3.6458929331464,2.7473452518156383,True,1,False,True
ICICIBANK,2020.0,84836,11225,1014636.0,85361.0,0.16492125176043054,0.5369125941385637,4.198097226954665,2.8104679696599795,True,-1,True,True
ICICIBANK,2021.0,89163,20364,1103840.0,91309.0,0.20196052401539533,1.4420648692545797,4.5985918147417495,3.04719806155036,True,-1,True,True
ICICIBANK,2022.0,95407,26538,1252968.0,80798.0,0.2554093837242005,2.053555201519191,5.268124087818207,2.6288608060258496,True,-1,True,True
ICICIBANK,2023.0,121067,35461,1399894.0,87864.0,0.4750598866274583,2.9373142288591856,5.92777015531748,2.9100872400032247,True,-1,True,True
ICICIBANK,2024.0,159516,46081,1651008.0,99560.0,0.8041846795396702,3.989148911180237,7.055183700871109,3.375587434144094,True,-1,True,True
ICICIBANK,2019.0,180551,52416,6695.0,125722.0,0.9842450197021809,4.616585136463087,0.3272033796179293,4.416833678938334,True,-1,True,True
ICICIGI,2013.0,4012,353,0.0,4191.0,0.5269350322088955,0.5398808772545127,0.3572615750490145,0.42009382569008513,False,1,False,False
ICICIGI,2014.0,4352,520,0.0,4578.0,0.5240246202452513,0.5233407273536073,0.3572615750490145,0.40469124573689463,False,1,False,False
ICICIGI,2015.0,4234,585,0.0,4456.0,0.5250347043973396,0.5169029444580453,0.3572615750490145,0.4095468394172286,False,1,False,False
ICICIGI,2016.0,6033,507,0.0,5269.0,0.5096352010955874,0.5246282839327197,0.3572615750490145,0.3771894815310686,False,1,False,False
ICICIGI,2017.0,7520,702,485.0,6601.0,0.49690642877223806,0.5053149352460338,0.3550840956189807,0.32417595052938963,False,1,False,False
ICICIGI,2018.0,6912,862,485.0,7174.0,0.5021109301660487,0.4894680850415734,0.3550840956189807,0.30137058021109975,False,1,False,False
ICICIGI,2019.0,11163,1049,485.0,9494.0,0.4657222205853102,0.47094707886511045,0.3550840956189807,0.2090347003883555,False,1,False,False
ICICIGI,2020.0,11517,1194,485.0,9745.0,0.4626919681290455,0.45658587086731833,0.3550840956189807,0.19904491339029137,False,1,False,False
ICICIGI,2021.0,12161,1473,485.0,10090.0,0.45717930546849606,0.4289529258232907,0.3550840956189807,0.1853139312614781,False,1,False,False
ICICIGI,2022.0,16026,1271,255.0,15010.0,0.4240947694700124,0.44895957420642185,0.3561167147301308,0.010501813879858811,False,1,False,False
ICICIGI,2023.0,17876,1729,35.0,16612.0,0.4082587043737136,0.40359796549615423,0.35710443735818737,0.07426133089539169,False,1,False,False
ICICIGI,2024.0,20487,1919,35.0,17910.0,0.38590845249996436,0.38477983087835765,0.35710443735818737,0.1259216636582891,False,1,False,False
ICICIGI,2024.0,20487,1919,0.0,17910.0,0.38590845249996436,0.38477983087835765,0.3572615750490145,0.1259216636582891,False,1,False,False
ICICIGI,2019.0,23301,2518,6695.0,19938.0,0.3618205134832158,0.32545318542540946,0.3272033796179293,0.2066359586067914,False,1,False,False
ICICIPRULI,2013.0,20025,1515,0.0,19280.0,0.38986318875644543,0.4247931276446199,0.3572615750490145,0.18044759269154756,False,1,False,False
ICICIPRULI,2014.0,21888,1561,0.0,20384.0,0.3739158432027132,0.42023715821083757,0.3572615750490145,0.22438673550375,False,1,False,False
ICICIPRULI,2015.0,34453,1640,0.0,32798.0,0.26635900107568933,0.4124127759223853,0.3572615750490145,0.7184632924518307,False,1,False,False
ICICIPRULI,2016.0,20849,1650,1029.0,19008.0,0.3828097197622021,0.4114223477846065,0.3526417269386954,0.1696220067812948,False,1,False,False
ICICIPRULI,2017.0,37816,1682,0.0,36010.0,0.23757160274117425,0.40825297774371444,0.3572615750490145,0.8463007260684922,False,1,False,False
ICICIPRULI,2018.0,38832,1619,0.0,37062.0,0.22887460699099071,0.4144926750117207,0.3572615750490145,0.8881702715743227,False,1,False,False
ICICIPRULI,2019.0,41463,1139,0.0,40922.0,0.2063531544134977,0.4620332256251016,0.3572615750490145,1.0417980716242334,False,1,False,False
ICICIPRULI,2020.0,21025,1067,0.0,21344.0,0.3813031535692569,0.4691643082171087,0.3572615750490145,0.2625946857752304,False,1,False,False
ICICIPRULI,2021.0,83182,956,1200.0,83572.0,0.1507629535608207,0.480158060546453,0.3518739970777969,2.739265862331148,False,1,False,False
ICICIPRULI,2022.0,63564,759,1200.0,65728.0,0.017167816741443923,0.49966949486069473,0.3518739970777969,2.0290755866600065,False,1,False,False
ICICIPRULI,2023.0,50478,813,1200.0,52235.0,0.12918443720099307,0.4943211829166894,0.3518739970777969,1.49205488560471,False,1,False,False
ICICIPRULI,2024.0,90307,851,1200.0,92136.0,0.211753204269539,0.49055755599313006,0.3518739970777969,3.0801126187113126,True,1,False,True
ICICIPRULI,2024.0,90307,851,0.0,92136.0,0.211753204269539,0.49055755599313006,0.3572615750490145,3.0801126187113126,True,1,False,True
ICICIPRULI,2019.0,77572,974,6695.0,77251.0,0.10274115616069304,0.47837528989845124,0.3272033796179293,2.4876903897623692,False,1,False,False
INDUSINDBK,2013.0,6983,1061,63576.0,1947.0,0.5015031676677583,0.4697585650997759,0.07182769413390219,0.5094049094496705,False,1,False,False
INDUSINDBK,2014.0,8254,1408,75264.0,2555.0,0.49062336294484166,0.4353907087188527,0.019352684694242058,0.48520654094439963,False,1,False,False
INDUSINDBK,2015.0,9692,1794,94752.0,3133.0,0.47831403234566455,0.39716018260059227,0.06814158155833296,0.46220217088511245,False,1,False,False
INDUSINDBK,2016.0,11872,2286,117996.0,4188.0,0.45965315563759357,0.3484311182218769,0.17249896686081928,0.4202132255346835,False,1,False,False
INDUSINDBK,2017.0,14406,2868,149026.0,5684.0,0.4379620264732578,0.2907882006031526,0.3118127538998896,0.36067250302829323,False,1,False,False
INDUSINDBK,2018.0,17281,3606,189928.0,6555.0,0.4133519253100908,0.21769460403507954,0.495448349048844,0.3260067481465647,False,1,False,False
INDUSINDBK,2019.0,22261,3301,242189.0,9283.0,0.3707229500778919,0.24790266223733196,0.730081859343683,0.21743248945844132,False,1,False,False
INDUSINDBK,2020.0,28783,4418,262793.0,12611.0,0.31489440058704826,0.13727183924744357,0.8225865731094905,0.08497826185064267,False,1,False,False
INDUSINDBK,2021.0,29000,2836,307528.0,15997.0,0.31303687295142835,0.29395757064404465,1.023430990228176,0.049784362752724576,False,1,False,False
INDUSINDBK,2022.0,30822,4611,341005.0,15840.0,0.2974404888403709,0.11815657618831336,1.173730946680221,0.04353577088540955,False,1,False,False
INDUSINDBK,2023.0,36368,7390,385449.0,15525.0,0.24996653369222327,0.15708340330040624,1.3732688761408862,0.030998787202580053,False,1,False,False
INDUSINDBK,2024.0,45748,8950,432404.0,17638.0,0.16967340363639483,0.311590192793894,1.5840803125063245,0.11509607774803635,False,1,False,False
INDUSINDBK,2019.0,49004,8122,6695.0,20104.0,0.14180192906690897,0.22958274298581205,0.3272033796179293,0.21324275000790155,False,1,False,False
INFY,2013.0,40352,9429,0.0,11538.0,0.21586335350646416,0.359031700593497,0.3572615750490145,0.12768360626866188,False,1,False,False
INFY,2014.0,50133,10656,0.0,13390.0,0.1321376493405731,0.4805572330989518,0.3572615750490145,0.053974102203264325,False,1,False,False
INFY,2015.0,53319,12372,0.0,14883.0,0.10486537723419044,0.6505147015417884,0.3572615750490145,0.005447220458527553,False,1,False,False
INFY,2016.0,62441,13489,0.0,17079.0,0.026780736256656643,0.7611455245316767,0.3572615750490145,0.09284790670453891,False,1,False,False
INFY,2017.0,68484,14353,0.0,18604.0,0.024947556379523658,0.8467185156357623,0.3572615750490145,0.15354282770871347,False,1,False,False
INFY,2018.0,70522,16029,0.0,18822.0,0.04239290809101389,1.0127142715274837,0.3572615750490145,0.16221921641619547,False,1,False,False
INFY,2019.0,82675,15410,0.0,20170.0,0.14642301572091612,0.9514067697989781,0.3572615750490145,0.21586954658906582,False,1,False,False
INFY,2020.0,90791,16639,4633.0,22267.0,0.21589626130013825,1.0731303879319887,0.336461034431805,0.2993300379633308,False,1,False,False
INFY,2021.0,100472,19423,5325.0,27889.0,0.2987659619473104,1.3488655814895976,0.3333541978017361,0.5230853467406877,False,1,False,False
INFY,2022.0,121641,22146,5474.0,31491.0,0.4799733468249045,1.6185591634067562,0.33268524020364326,0.6664447601551381,False,1,False,False
INFY,2023.0,146767,24108,8299.0,35130.0,0.6950527909382036,1.8128811640389504,0.320001983729735,0.8112767716529684,False,1,False,False
INFY,2024.0,153670,26248,8359.0,36425.0,0.754142713835366,2.0248327855236066,0.3197326048311741,0.8628177045712675,False,1,False,False
INFY,2024.0,153670,26248,8804.0,36425.0,0.754142713835366,2.0248327855236066,0.3177347113335142,0.8628177045712675,False,1,False,False
INFY,2019.0,159988,27687,6695.0,38145.0,0.8082250161480231,2.1673553945499715,0.3272033796179293,0.9312736154743365,False,1,False,False
IOC,2013.0,461780,3627,89671.0,13861.0,3.391575155360025,0.2156147049457441,0.045329678498535454,0.03522832660131926,True,1,False,True
IOC,2014.0,488345,6967,94916.0,17222.0,3.618972490107688,0.11518829307236435,0.06887788388106604,0.09853929929706151,True,1,False,True
IOC,2015.0,449507,4872,64893.0,10575.0,3.28651784350766,0.09230640179228752,0.0659148273104908,0.16601095638474064,True,1,False,True
IOC,2016.0,346045,12413,58552.0,22038.0,2.40087948297076,0.6545754569066813,0.09438368724006685,0.29021584982565474,False,1,False,False
IOC,2017.0,355379,20385,63271.0,34149.0,2.480778851407978,1.444144768343915,0.07319703686825335,0.7722330224692994,False,1,False,False
IOC,2018.0,421492,22626,65650.0,41658.0,3.046708457738573,1.666099714020137,0.06251616354031432,1.071090833499035,True,1,False,True
IOC,2019.0,528158,17274,96765.0,35262.0,3.9597731710152253,1.1360225746809405,0.0771792436050506,0.816530364815297,True,1,False,True
IOC,2020.0,483763,-1876,129790.0,16053.0,3.57975040887999,0.7606473091654,0.2254498790212703,0.05201315985189426,True,1,False,True
IOC,2021.0,363950,21762,116649.0,39929.0,2.5541469129973704,1.5805267229160513,0.16645141058812746,1.0022767230621707,False,1,False,False
IOC,2022.0,589321,25727,132020.0,47758.0,4.483330603169238,1.973231479545333,0.2354617947511165,1.3138705175157332,True,1,False,True
IOC,2023.0,841756,11704,148977.0,30683.0,6.6441830856471755,0.5843541019381667,0.31159276113273154,0.6342864020099754,True,-1,True,True
IOC,2024.0,776352,43161,132628.0,75646.0,6.084322544264296,3.6999438949488366,0.2381915009232001,2.423811472902238,True,-1,True,True
IOC,2024.0,776352,43161,163401.0,75646.0,6.084322544264296,3.6999438949488366,0.376351448346768,2.423811472902238,True,-1,True,True
IOC,2019.0,761485,10909,6695.0,32930.0,5.957060501136365,0.5056150649847546,0.3272033796179293,0.7237168856141593,True,1,False,True
IRCTC,2015.0,1059,131,0.0,152.0,0.5522128161166632,0.5618683819132013,0.3572615750490145,0.580845816467699,False,1,False,False
IRCTC,2016.0,1367,189,0.0,190.0,0.5495763252790091,0.5561238987140845,0.3572615750490145,0.5793334184361195,False,1,False,False
IRCTC,2017.0,1520,229,0.0,314.0,0.5482666398953693,0.5521621861629694,0.3572615750490145,0.5743982248593866,False,1,False,False
IRCTC,2018.0,1466,221,0.0,274.0,0.5487288817954774,0.5529545286731925,0.3572615750490145,0.575990222787365,False,1,False,False
IRCTC,2019.0,1870,309,0.0,383.0,0.5452706275798532,0.5442387610607393,0.3572615750490145,0.571652028433624,False,1,False,False
IRCTC,2020.0,2264,513,0.0,703.0,0.5418979737161009,0.5240340270500524,0.3572615750490145,0.5589160450097972,False,1,False,False
IRCTC,2021.0,777,187,79.0,188.0,0.5546267460394503,0.5563219843416403,0.35690689283257604,0.5794130183325185,False,1,False,False
IRCTC,2022.0,1879,660,105.0,874.0,0.5451935872631686,0.5094747334247045,0.35679016197653296,0.5521102538676897,False,1,False,False
IRCTC,2023.0,3541,1006,84.0,1276.0,0.5309668087820613,0.47520591985755917,0.3568844445910293,0.5361106746915073,False,1,False,False
IRCTC,2024.0,4270,1111,60.0,1466.0,0.5247265431306007,0.4648064244108821,0.35699219615045363,0.5285486845336101,False,1,False,False
IRCTC,2024.0,4270,1111,42.0,1466.0,0.5247265431306007,0.4648064244108821,0.3570730098200219,0.5285486845336101,False,1,False,False
IRCTC,2019.0,4455,1200,6695.0,1505.0,0.5231429366209709,0.4559916139846511,0.3272033796179293,0.5269964865538312,False,1,False,False
IRFC,2013.0,5550,522,58753.0,5528.0,0.5137696980909995,0.5231426417260515,0.0934812679298879,0.36688129494740884,False,1,False,False
IRFC,2014.0,6197,701,69917.0,6178.0,0.5082313553248885,0.5054139780598116,0.043358834204326145,0.3410113286177606,False,1,False,False
IRFC,2015.0,6939,758,71270.0,6905.0,0.5018798092159946,0.4997685376744726,0.03728434004177821,0.3120767662767542,False,1,False,False
IRFC,2016.0,7507,849,87503.0,7468.0,0.4970177092296715,0.49075564162068586,0.03559612096386886,0.2896693954404589,False,1,False,False
IRFC,2017.0,9047,934,106395.0,9021.0,0.4838352550414012,0.4823370024495663,0.12041455682407243,0.2278600758866995,False,1,False,False
IRFC,2018.0,9267,2055,134006.0,9229.0,0.4819520473002197,0.37131000820456644,0.24437823629348174,0.21958168666121208,False,1,False,False
IRFC,2019.0,11134,2255,173933.0,11085.0,0.4659704616057387,0.3515014454489911,0.42363642434082177,0.14571298280301667,False,1,False,False
IRFC,2020.0,13421,3192,234377.0,13355.0,0.4463936611326385,0.25869832893912054,0.695008726751056,0.05536710039024538,False,1,False,False
IRFC,2021.0,15771,4416,323145.0,15657.0,0.4262775784427455,0.13746992487499934,1.0935458278752646,0.036252380364908604,False,1,False,False
IRFC,2022.0,20299,6090,388440.0,20177.0,0.3875177391151558,0.02832774538916641,1.3866974142341464,0.21614814622646203,False,1,False,False
IRFC,2023.0,23722,6167,418935.0,23588.0,0.35821673866940945,0.035954042050062925,1.5236092394277154,0.3519057695348157,False,1,False,False
IRFC,2024.0,26645,6412,412039.0,26513.0,0.33319575581725736,0.060219531425642736,1.4926486246864512,0.46832061801823255,False,1,False,False
IRFC,2024.0,26645,6412,403111.0,26513.0,0.33319575581725736,0.060219531425642736,1.4525650445805918,0.46832061801823255,False,1,False,False
IRFC,2019.0,26902,6537,6695.0,26758.0,0.3309958267741499,0.07259988314787734,0.3272033796179293,0.4780716053270999,False,1,False,False
ITC,2013.0,31618,7704,102.0,11221.0,0.29062670083136877,0.18818284682665953,0.356803630921461,0.1403001898478903,False,1,False,False
ITC,2014.0,35306,9001,242.0,13080.0,0.2590572910610175,0.31664137629656575,0.3561750801581523,0.06631208614509652,False,1,False,False
ITC,2015.0,38817,9779,269.0,14252.0,0.22900300751879854,0.39369668541575387,0.3560538596537999,0.019666546855330903,False,1,False,False
ITC,2016.0,39192,9501,84.0,14531.0,0.22579299432360284,0.3661627831855041,0.3568844445910293,0.008562361307681917,False,1,False,False
ITC,2017.0,42768,10477,46.0,15470.0,0.19518230849421664,0.4628285694327119,0.3570550512267845,0.028809790051609826,False,1,False,False
ITC,2018.0,43449,11493,36.0,16521.0,0.18935292453174127,0.5634560682310347,0.357099947709878,0.07063953560924094,False,1,False,False
ITC,2019.0,48340,12836,13.0,18537.0,0.14748579243120213,0.6964705671347232,0.357203209620993,0.15087623117934973,False,1,False,False
ITC,2020.0,49388,15593,277.0,19344.0,0.13851487555502856,0.9695316047203295,0.3560179424673251,0.18299478937631292,False,1,False,False
ITC,2021.0,49257,13383,271.0,17065.0,0.13963624016455026,0.7506469862712218,0.3560448803571812,0.09229070742974649,False,1,False,False
ITC,2022.0,60645,15503,249.0,20623.0,0.04215455945284725,0.9606177514803206,0.3561436526199869,0.23389892312342064,False,1,False,False
ITC,2023.0,70919,19477,306.0,25704.0,0.04579124206032774,1.354213893433603,0.35588774266635403,0.4361224599248704,False,1,False,False
ITC,2024.0,70866,20751,303.0,26233.0,0.045337560195406745,1.480394438186618,0.3559012116112821,0.4571766325223841,False,1,False,False
ITC,2024.0,70866,20751,304.0,26233.0,0.045337560195406745,1.480394438186618,0.35589672196297273,0.4571766325223841,False,1,False,False
ITC,2019.0,75135,20829,6695.0,26640.0,0.0818803504095146,1.4881197776612924,0.3272033796179293,0.4733752114395638,False,1,False,False
JINDALSTEL,2013.0,19807,2952,24618.0,6106.0,0.3917292764272525,0.28246860424581094,0.24673541296948395,0.34387692488812166,False,1,False,False
JINDALSTEL,2014.0,19286,1896,36368.0,5799.0,0.3961890547597778,0.3870578155952488,0.19398204533464425,0.3560955089853555,False,1,False,False
JINDALSTEL,2015.0,19401,-1452,45501.0,5464.0,0.3952046507132511,0.7186531561235803,0.1529780873253684,0.36942849163217417,False,1,False,False
JINDALSTEL,2016.0,19469,-3087,46797.0,3437.0,0.3946225683205223,0.8805881566504089,0.14715950311645332,0.450102986632477,False,1,False,False
JINDALSTEL,2017.0,21603,-2538,45850.0,4709.0,0.37635545323106195,0.8262136518863545,0.15141120006540593,0.3994774525227655,False,1,False,False
JINDALSTEL,2018.0,33286,-1616,42962.0,6469.0,0.27634856213913833,0.7348961775831521,0.16437730438280312,0.3294295436917182,False,1,False,False
JINDALSTEL,2019.0,46966,-2412,39559.0,8412.0,0.1592472807783992,0.813734257350342,0.17965557757951459,0.25209824434016986,False,1,False,False
JINDALSTEL,2020.0,37923,-400,36824.0,6831.0,0.2366556789761451,0.614460116029254,0.19193476570558152,0.3150219624435141,False,1,False,False
JINDALSTEL,2021.0,34579,4267,29910.0,10933.0,0.26528043664210355,0.15222730412790297,0.222976194116414,0.1517625749293344,False,1,False,False
JINDALSTEL,2022.0,51166,6766,13502.0,15515.0,0.12329513299220735,0.09528068750301112,0.296642343576197,0.030600787720585467,False,1,False,False
JINDALSTEL,2023.0,53212,3974,13046.0,9942.0,0.10578130099921962,0.18124684856482087,0.2986896232052597,0.191204323594998,False,1,False,False
JINDALSTEL,2024.0,50354,5943,16472.0,10202.0,0.13024588156420444,0.013768451763818522,0.28330808809743324,0.18085633706313875,False,1,False,False
JINDALSTEL,2024.0,50354,5943,17266.0,10202.0,0.13024588156420444,0.013768451763818522,0.2797433073398109,0.18085633706313875,False,1,False,False
JINDALSTEL,2019.0,50019,5060,6695.0,10327.0,0.1331134933519126,0.07368635280204668,0.3272033796179293,0.1758813435382064,False,1,False,False
JIOFIN,2023.0,45,31,743.0,39.0,0.5608926917964724,0.5717726632909891,0.3539257663551689,0.5853432106142378,False,1,False,False
JIOFIN,2024.0,1855,1605,0.0,1559.0,0.545399028107661,0.415879274404611,0.3572615750490145,0.5248472893510605,False,1,False,False
JIOFIN,2024.0,1855,1605,0.0,1559.0,0.545399028107661,0.415879274404611,0.3572615750490145,0.5248472893510605,False,1,False,False
JIOFIN,2019.0,1968,1607,6695.0,1531.0,0.5444317441315087,0.41568118877705523,0.3272033796179293,0.5259616879006453,False,1,False,False
JSWENERGY,2013.0,8870,901,10377.0,2801.0,0.48535038126953356,0.48560541530423623,0.3106724945429097,0.47541575368733274,False,1,False,False
JSWENERGY,2014.0,8648,760,10106.0,3255.0,0.4872507090810894,0.49957045204691686,0.311889189234743,0.4573465772047785,False,1,False,False
JSWENERGY,2015.0,9347,1358,9294.0,3624.0,0.4812672444852446,0.44034284940774654,0.31553478366193366,0.44266039631917825,False,1,False,False
JSWENERGY,2016.0,9824,1460,14862.0,4029.0,0.47718410770095565,0.4302404824024031,0.2905364218754836,0.42654141729839745,False,1,False,False
JSWENERGY,2017.0,8263,623,14349.0,3324.0,0.49054632262815695,0.5131393175344859,0.2928396114581792,0.4546003807790158,False,1,False,False
JSWENERGY,2018.0,8049,85,11883.0,2713.0,0.49237817015821533,0.5664243513469837,0.3039110841890315,0.47891814912888514,False,1,False,False
JSWENERGY,2019.0,9138,684,10555.0,2855.0,0.483056291839367,0.5070977058940355,0.30987333714384574,0.473266556484562,False,1,False,False
JSWENERGY,2020.0,8273,1081,9840.0,2957.0,0.49046072227628507,0.46777770882421843,0.3130834356850296,0.4692069617682172,False,1,False,False
JSWENERGY,2021.0,6922,823,8371.0,2913.0,0.5020253298141768,0.49333075477891064,0.3196787290514619,0.4709581594889934,False,1,False,False
JSWENERGY,2022.0,8167,1743,8943.0,3572.0,0.4913680860061271,0.40221136610326397,0.3171106502185148,0.4447299936255501,False,1,False,False
JSWENERGY,2023.0,10332,1480,25051.0,3282.0,0.4728356098258639,0.4282596261268456,0.24479139525153626,0.45627197860339314,False,1,False,False
JSWENERGY,2024.0,11486,1725,31573.0,5382.0,0.46295732921984833,0.4039941367512658,0.2155099089779682,0.3726920873845298,False,1,False,False
JSWENERGY,2024.0,11486,1725,30853.0,5382.0,0.46295732921984833,0.4039941367512658,0.21874245576069878,0.3726920873845298,False,1,False,False
JSWENERGY,2019.0,11416,1988,6695.0,5382.0,0.4635565316829515,0.37794587672768415,0.3272033796179293,0.3726920873845298,False,1,False,False
JSWSTEEL,2013.0,38210,929,21625.0,6512.0,0.234198948877422,0.4828322165184557,0.26017293035936273,0.32771814591914145,False,1,False,False
JSWSTEEL,2014.0,51220,402,35527.0,9169.0,0.12283289109209918,0.5350277793793967,0.19775783956280596,0.22196968355317961,False,1,False,False
JSWSTEEL,2015.0,52972,1722,38754.0,9364.0,0.10783570944414486,0.4042912651925994,0.18326974446853977,0.21420869365428516,False,1,False,False
JSWSTEEL,2016.0,41546,-481,42204.0,6422.0,0.20564267149296103,0.6224825839452619,0.16778045780128895,0.33130014125709273,False,1,False,False
JSWSTEEL,2017.0,55604,3467,43334.0,12308.0,0.08530569683146465,0.2314615551502044,0.16270715521172566,0.09703764615507866,False,1,False,False
JSWSTEEL,2018.0,71933,6113,39393.0,14916.0,0.05447111774013691,0.030605730106057574,0.18040085919886636,0.006760618749109691,False,1,False,False
JSWSTEEL,2019.0,84757,7524,47396.0,18930.0,0.16424500898064265,0.17035514034664173,0.14447020377915382,0.16651761082173702,False,1,False,False
JSWSTEEL,2020.0,73326,3919,61423.0,11813.0,0.06639524675589054,0.18669420332260409,0.08149390694392858,0.11673862051381073,False,1,False,False
JSWSTEEL,2021.0,79839,7873,62392.0,20178.0,0.12214675593004945,0.20492108235512072,0.0771434377321703,0.2161879461746615,False,1,False,False
JSWSTEEL,2022.0,146371,20938,72237.0,39114.0,0.691663017004077,1.498915444363081,0.03294285012663864,0.969839765279612,False,1,False,False
JSWSTEEL,2023.0,165960,4139,80853.0,18470.0,0.8593455462859131,0.1649047842914712,0.0057399597067042535,0.148209634649986,False,1,False,False
JSWSTEEL,2024.0,175006,8973,87984.0,28157.0,0.9367796245892206,0.31386817751078516,0.03775564180066528,0.5337517328581427,False,1,False,False
JSWSTEEL,2024.0,175006,8973,95258.0,28157.0,0.9367796245892206,0.31386817751078516,0.07041334360286307,0.5337517328581427,False,1,False,False
JSWSTEEL,2019.0,170274,3312,6695.0,22478.0,0.8962735380834445,0.2468131912857753,0.3272033796179293,0.30772782703341656,False,1,False,False
KOTAKBANK,2013.0,10838,2238,85561.0,6603.0,0.4685042320211465,0.35318517328321497,0.026877223947114923,0.3240963506329907,False,1,False,False
KOTAKBANK,2014.0,11986,2527,85937.0,7053.0,0.4586773116262541,0.32456180010140856,0.028565331711429796,0.3061863739432343,False,1,False,False
KOTAKBANK,2015.0,13319,3105,104258.0,9718.0,0.44726678472173176,0.2673150537377958,0.11082017838699562,0.20011951199167677,False,1,False,False
KOTAKBANK,2016.0,20402,3524,179679.0,11541.0,0.3866360554908754,0.22581611476486543,0.44943394352633576,0.1275642064240635,False,1,False,False
KOTAKBANK,2017.0,22324,5019,205230.0,14832.0,0.370183667861099,0.07774710816693962,0.564148947478488,0.003417423100355158,False,1,False,False
KOTAKBANK,2018.0,25131,6258,249840.0,16805.0,0.3461556490906608,0.04496693810384971,0.764432158558505,0.08194272089788722,False,1,False,False
KOTAKBANK,2019.0,29831,7204,291763.0,19758.0,0.3059234837108747,0.13866143993772115,0.9526516846313038,0.19947196793088884,False,1,False,False
KOTAKBANK,2020.0,33474,8593,326477.0,22578.0,0.2747392755239469,0.276231908275192,1.1085053360420123,0.31170782185336243,False,1,False,False
KOTAKBANK,2021.0,32820,9990,327110.0,29812.0,0.28033753853636817,0.41459471912288587,1.1113472834218296,0.5996206471282468,False,1,False,False
KOTAKBANK,2022.0,33741,12089,365747.0,30699.0,0.27245374612896756,0.6224855852426493,1.2848138251501107,0.6349232011811667,False,1,False,False
KOTAKBANK,2023.0,42151,14925,418807.0,33485.0,0.20046385020471197,0.9033710051167079,1.5230345644441188,0.7458058568648588,False,1,False,False
KOTAKBANK,2024.0,56237,18213,520374.0,47052.0,0.0798871945579743,1.2290237768183667,1.9790346742796734,1.2857717540869154,False,1,False,False
KOTAKBANK,2019.0,64053,22530,6695.0,50872.0,0.01298195953490873,1.6565916038974609,0.3272033796179293,1.4378075562088477,False,1,False,False
LICI,2019.0,571508,2627,269401.0,5920.0,4.330850696379848,0.3146575187236209,0.8522541691376625,0.351279715253221,True,1,False,True
LICI,2020.0,628043,2710,253414.0,-6947.0,4.8147922856875525,0.30643696518005714,0.780478161616115,0.8633856487356564,True,-1,True,True
LICI,2021.0,690914,2974,4.0,-252.0,5.352970257941283,0.28028966234269764,0.3572436164557771,0.5969249955402802,True,1,False,True
LICI,2022.0,723606,4125,1.0,3326.0,5.63281492828085,0.16629138368436147,0.35725708540070517,0.45452078088261694,True,1,False,True
LICI,2023.0,784628,35997,0.0,34207.0,6.155165395473468,2.9904011770441277,0.3572615750490145,0.774541419464868,True,-1,True,True
LICI,2024.0,845966,40916,0.0,32779.0,6.6802208337852385,3.4775927780175033,0.3572615750490145,0.717707093436041,True,-1,True,True
LICI,2024.0,845966,40916,10.0,32779.0,6.6802208337852385,3.4775927780175033,0.35721667856592104,0.717707093436041,True,-1,True,True
LICI,2019.0,896106,41468,6695.0,25851.0,7.109420998070872,3.5322644112228914,0.3272033796179293,0.44197305231019085,True,-1,True,True
LODHA,2011.0,2173,264,5596.0,510.0,0.5426769369181351,0.5486956876807437,0.33213750310990275,0.5665974350122926,False,1,False,False
LODHA,2012.0,2954,381,4259.0,724.0,0.5359915494369409,0.5371076784687322,0.3381401628995011,0.5580802460976085,False,1,False,False
LODHA,2015.0,6236,798,11852.0,1467.0,0.5078975139525881,0.49580682512335755,0.3040502632866213,0.5285088845854107,False,1,False,False
LODHA,2016.0,8249,703,13835.0,2126.0,0.4906661631207776,0.5052158924322558,0.2951472906891841,0.5022807187219674,False,1,False,False
LODHA,2017.0,7926,584,16183.0,1614.0,0.49343105448623953,0.5170019872718232,0.2846055964588349,0.5226582922000903,False,1,False,False
LODHA,2018.0,9677,794,22616.0,1682.0,0.4784424328734724,0.49620299637846904,0.2557236888847988,0.5199518957225271,False,1,False,False
LODHA,2019.0,11907,1644,25641.0,3179.0,0.459353554406042,0.4120166046672738,0.24214250274902088,0.46037137326793737,False,1,False,False
LODHA,2020.0,12443,742,18423.0,1917.0,0.4547653755457089,0.5013532226949187,0.2745487842458952,0.5105989078956543,False,1,False,False
LODHA,2021.0,5449,48,18193.0,1383.0,0.5146342616449056,0.5700889354567651,0.27558140335704523,0.5318520802341652,False,1,False,False
LODHA,2022.0,9233,1208,11537.0,2186.0,0.4822430884965841,0.45519927147442807,0.3054645025040659,0.4998927218299999,False,1,False,False
LODHA,2023.0,9470,490,9060.0,2064.0,0.4802143601572204,0.5263120117669436,0.3165853613663211,0.5047483155103338,False,1,False,False
LODHA,2024.0,10316,1554,7698.0,2665.0,0.4729725703888589,0.4209304579072827,0.3227002623636531,0.48082854664245916,False,1,False,False
LODHA,2024.0,10316,1554,7990.0,2665.0,0.4729725703888589,0.4209304579072827,0.3213892850573235,0.48082854664245916,False,1,False,False
LODHA,2019.0,13574,2511,6695.0,3812.0,0.44508397574899866,0.3261464851218546,0.3272033796179293,0.43517800605768,False,1,False,False
LT,2013.0,74426,5291,234.0,11394.0,0.07581128546179793,0.05080746281935714,0.3562109973446271,0.13341479880938395,False,1,False,False
LT,2014.0,85054,4885,110.0,14086.0,0.16678733943123764,0.09101884521317512,0.3567677137349862,0.02627333825644105,False,1,False,False
LT,2015.0,91929,4966,218.0,15684.0,0.2256375813431588,0.08299637729716709,0.35628283171757663,0.03732697896629399,False,1,False,False
LT,2016.0,101122,4592,55.0,15486.0,0.304329984818983,0.12003838965009302,0.35701464439200037,0.029446589222801165,False,1,False,False
LT,2017.0,109312,6486,0.0,16620.0,0.3744366730020571,0.06754869964520561,0.3572615750490145,0.07457973048098736,False,1,False,False
LT,2018.0,119683,8004,0.0,20111.0,0.4632127979283894,0.2178956909600226,0.3572615750490145,0.21352134964529776,False,1,False,False
LT,2019.0,135220,10217,0.0,22866.0,0.5962100646317375,0.43707743785046393,0.3572615750490145,0.3231702069348066,False,1,False,False
LT,2020.0,145452,10894,912.0,24553.0,0.6837963446670506,0.5041294227780865,0.3531670157908891,0.3903127195472934,False,1,False,False
LT,2021.0,135979,12921,798.0,23460.0,0.6027071313388137,0.7048892063058427,0.3536788356981548,0.346811376165285,False,1,False,False
LT,2022.0,156521,10419,258.0,24314.0,0.7785473741540405,0.45708408623359503,0.35610324578520275,0.3808005319276228,False,1,False,False
LT,2023.0,183341,12531,1541.0,27166.0,1.0081275178744369,0.6662625089324707,0.35034302700430914,0.49430998419247907,False,1,False,False
LT,2024.0,221113,15547,2071.0,29865.0,1.331457166964922,0.9649756352865472,0.3479635134003547,0.6017300443828182,False,1,False,False
LT,2024.0,221113,15547,2326.0,29865.0,1.331457166964922,0.9649756352865472,0.3468186530814709,0.6017300443828182,False,1,False,False
LT,2019.0,238881,16150,6695.0,30815.0,1.483551872170888,1.024698451994607,0.3272033796179293,0.639539995172304,False,1,False,False
LTIM,2013.0,3851,562,234.0,870.0,0.5283131978740327,0.5191809291749365,0.3562109973446271,0.5522694536604875,False,1,False,False
LTIM,2014.0,4920,996,110.0,1147.0,0.5191625202589283,0.47619634799533794,0.3567677137349862,0.5412448680092375,False,1,False,False
LTIM,2015.0,4978,769,218.0,1005.0,0.5186660382180713,0.49867906672291595,0.35628283171757663,0.5468964606535607,False,1,False,False
LTIM,2016.0,5846,836,55.0,1028.0,0.5112359276755917,0.49204319819979825,0.35701464439200037,0.5459810618449731,False,1,False,False
LTIM,2017.0,6501,971,0.0,1230.0,0.5056291046279832,0.47867241833978486,0.3572615750490145,0.5379414723086824,False,1,False,False
LTIM,2018.0,7306,1112,0.0,1187.0,0.4987382763022964,0.46470738159710423,0.3572615750490145,0.5396528700812592,False,1,False,False
LTIM,2019.0,9446,1516,0.0,1883.0,0.48041980100171294,0.42469408483084203,0.3572615750490145,0.5119521061344359,False,1,False,False
LTIM,2020.0,10879,1520,912.0,2029.0,0.4681532705784718,0.4242979135757305,0.3531670157908891,0.5061413136973149,False,1,False,False
LTIM,2021.0,12370,1938,798.0,2725.0,0.45539025811437367,0.38289801741657803,0.3536788356981548,0.4784405497504916,False,1,False,False
LTIM,2022.0,26109,3950,258.0,5249.0,0.33778393467759044,0.1836238760954899,0.35610324578520275,0.3779854804950578,False,1,False,False
LTIM,2023.0,33183,4410,1541.0,6108.0,0.27723024576341876,0.1380641817576666,0.35034302700430914,0.3437973249917228,False,1,False,False
LTIM,2024.0,35517,4585,2071.0,6387.0,0.2572511236365207,0.12073168934653815,0.3479635134003547,0.33269313944407375,False,1,False,False
LTIM,2024.0,35517,4585,2326.0,6387.0,0.2572511236365207,0.12073168934653815,0.3468186530814709,0.33269313944407375,False,1,False,False
LTIM,2019.0,37129,4574,6695.0,6434.0,0.2434523469147728,0.1218211602980948,0.3272033796179293,0.3308225418786992,False,1,False,False
M&M,2013.0,68693,4129,28711.0,9116.0,0.02673660373364606,0.16589521242924998,0.22835928243932235,0.2240790808077509,False,1,False,False
M&M,2014.0,74001,5154,35167.0,10170.0,0.0721732705072428,0.06437632830692626,0.19937411295417126,0.18212993540552141,False,1,False,False
M&M,2015.0,71448,3381,37911.0,8793.0,0.05031950067435047,0.2399792371351018,0.18705451799332018,0.23693446407617608,False,1,False,False
M&M,2016.0,75841,3554,41553.0,10082.0,0.08792373525166969,0.22284483035152913,0.17070321885067455,0.18563233084707378,False,1,False,False
M&M,2017.0,83773,4051,48762.0,10735.0,0.15582193435644914,0.17362055190392436,0.13833734418858437,0.15964296467282724,False,1,False,False
M&M,2018.0,92094,7958,55898.0,13226.0,0.22704998714904492,0.21333972152624026,0.10629921385307661,0.06050129370797555,False,1,False,False
M&M,2019.0,104721,6017,70848.0,15207.0,0.33513755145767454,0.021097619983381402,0.039178971628323095,0.01834240367515218,False,1,False,False
M&M,2020.0,75382,-321,82092.0,10158.0,0.08399467910075016,0.6066357337408017,0.0113026339619865,0.18260753478391492,False,1,False,False
M&M,2021.0,74278,1512,80625.0,11487.0,0.07454440025409402,0.4250902560859535,0.0047163198921728955,0.12971340362683428,False,1,False,False
M&M,2022.0,90171,7253,77605.0,14683.0,0.21058903948408136,0.1435145378128371,0.008842418002058249,0.0025127691813641917,False,1,False,False
M&M,2023.0,121269,11374,92247.0,20285.0,0.4767890137352704,0.5516699733914674,0.05689501254341606,0.22044654063200358,False,1,False,False
M&M,2024.0,139078,12270,108647.0,24892.0,0.629234680383911,0.640412334536445,0.13052524481672426,0.40380490198690994,False,1,False,False
M&M,2024.0,139078,12270,116844.0,24892.0,0.629234680383911,0.640412334536445,0.16732689200845033,0.40380490198690994,False,1,False,False
M&M,2019.0,145893,13009,6695.0,27204.0,0.6875713201846008,0.7136049739182959,0.3272033796179293,0.4958223822240585,False,1,False,False
MARUTI,2013.0,44304,2470,1569.0,4361.0,0.18203409444669508,0.33020724048674754,0.3502173168516474,0.41332783449617716,False,1,False,False
MARUTI,2014.0,44542,2854,2004.0,5310.0,0.1799968060721442,0.2921747999960429,0.348264319837081,0.37555768365489084,False,1,False,False
MARUTI,2015.0,50801,3809,666.0,6892.0,0.12641954583553117,0.19758891283817054,0.3542714692749887,0.31259416560334713,False,1,False,False
MARUTI,2016.0,57589,5497,231.0,9024.0,0.0683140269848954,0.030404643181114525,0.3562244662895551,0.2277406760421011,False,1,False,False
MARUTI,2017.0,68085,7511,484.0,10421.0,0.021532102339835435,0.1690675837675293,0.35508858526729004,0.17214014840745728,False,1,False,False
MARUTI,2018.0,79809,7881,121.0,12118.0,0.1218899548744338,0.20571342486534375,0.3567183276035834,0.10459963631297582,False,1,False,False
MARUTI,2019.0,86068,7651,160.0,11056.0,0.17546721511104682,0.18293357769643206,0.3565432313195188,0.14686718130080098,False,1,False,False
MARUTI,2020.0,75660,5678,184.0,7355.0,0.08637436888278857,0.012477893887318828,0.3564354797600945,0.2941667895869977,False,1,False,False
MARUTI,2021.0,70372,4389,541.0,5411.0,0.04110890281293561,0.140144080847002,0.3548326753136572,0.3715378888867455,False,1,False,False
MARUTI,2022.0,88330,3880,426.0,5752.0,0.19483001470446729,0.1905568730599413,0.3553489848692323,0.3579661065507301,False,1,False,False
MARUTI,2023.0,118410,8264,1248.0,13122.0,0.45231587313509836,0.24364682254227055,0.35165849395894816,0.06464048832071927,False,1,False,False
MARUTI,2024.0,141858,13488,119.0,18626.0,0.653031578204295,0.7610464817178989,0.3567273069002021,0.15441842656910157,False,1,False,False
MARUTI,2024.0,141858,13488,158.0,18626.0,0.653031578204295,0.7610464817178989,0.3565522106161375,0.15441842656910157,False,1,False,False
MARUTI,2019.0,145213,14021,6695.0,19766.0,0.6817504962573125,0.8138363014615072,0.3272033796179293,0.19979036751648452,False,1,False,False
MOTHERSON,2013.0,25298,452,4904.0,1480.0,0.3447261232144003,0.5300756386905029,0.33524433973997164,0.5279914852588178,False,1,False,False
MOTHERSON,2014.0,30414,1097,4840.0,2397.0,0.3009329831967438,0.46619302380377237,0.3355316772317699,0.49149493275991407,False,1,False,False
MOTHERSON,2015.0,34661,1292,5131.0,2844.0,0.26457851375675406,0.44687967511708643,0.33422518957374964,0.473704355914756,False,1,False,False
MOTHERSON,2016.0,37216,1774,6069.0,3548.0,0.24270762385348738,0.3991410388761498,0.33001389945958115,0.4456851923823371,False,1,False,False
MOTHERSON,2017.0,42376,2172,10349.0,4171.0,0.19853784228759455,0.35972199899255486,0.31079820469557146,0.4208898246540743,False,1,False,False
MOTHERSON,2018.0,56303,2260,10374.0,5128.0,0.07932223223561986,0.3510062313801017,0.3106859634878377,0.3828012742271923,False,1,False,False
MOTHERSON,2019.0,63523,2098,11534.0,5348.0,0.017518778184118653,0.3670511672121177,0.30547797144899397,0.3740452856233114,False,1,False,False
MOTHERSON,2020.0,60729,1294,13136.0,4654.0,0.04143551649712341,0.4466815894895307,0.29828555485741837,0.40166644967373577,False,1,False,False
MOTHERSON,2021.0,57370,1569,11930.0,4370.0,0.0701886746908897,0.41944481570061454,0.30370007071849214,0.41296963496238204,False,1,False,False
MOTHERSON,2022.0,63774,1182,14130.0,4714.0,0.015370209352134331,0.45777438463265285,0.29382284443792644,0.3992784527817682,False,1,False,False
MOTHERSON,2023.0,78788,1670,13792.0,6251.0,0.1131501589483143,0.409441491509049,0.2953403455664861,0.33810593239920017,False,1,False,False
MOTHERSON,2024.0,98692,3020,19922.0,9322.0,0.28352909931411485,0.2757336929089153,0.26781880143018244,0.21588029147866242,False,1,False,False
MOTHERSON,2024.0,98692,3020,25417.0,9322.0,0.28352909931411485,0.2757336929089153,0.24314818397031485,0.21588029147866242,False,1,False,False
MOTHERSON,2019.0,109382,4123,6695.0,10474.0,0.37503587546516026,0.16648946931191724,0.3272033796179293,0.17003075115288596,False,1,False,False
NAUKRI,2013.0,472,76,1.0,121.0,0.5572375567715429,0.5673157366709846,0.35725708540070517,0.5820796148618821,False,1,False,False
NAUKRI,2014.0,567,60,1.0,97.0,0.55642435342876,0.5689004216914306,0.35725708540070517,0.5830348136186692,False,1,False,False
NAUKRI,2015.0,732,-14,1.0,21.0,0.5550119476228739,0.5762295899109935,0.35725708540070517,0.586059609681828,False,1,False,False
NAUKRI,2016.0,748,118,1.0,91.0,0.5548749870598788,0.5631559384923137,0.35725708540070517,0.5832736133078659,False,1,False,False
NAUKRI,2017.0,888,-43,1.0,-9.0,0.5536765821336724,0.579101831510552,0.35725708540070517,0.5872536081278118,False,1,False,False
NAUKRI,2018.0,988,501,1.0,219.0,0.5528205786149536,0.525222540815387,0.35725708540070517,0.5781792199383352,False,1,False,False
NAUKRI,2019.0,1151,592,1.0,9.0,0.5514252928794419,0.5162096447616001,0.35725708540070517,0.5865372090602216,False,1,False,False
NAUKRI,2020.0,1312,-246,77.0,-350.0,0.5500471272143045,0.5992075227074609,0.35691587212919473,0.6008253904638272,False,1,False,False
NAUKRI,2021.0,1128,1418,65.0,74.0,0.5516221736887471,0.43440028058107394,0.3569697479089069,0.5839502124272568,False,1,False,False
NAUKRI,2022.0,1589,12882,64.0,446.0,0.5476759974674532,0.7010265365685056,0.35697423755721625,0.5691446316970581,False,1,False,False
NAUKRI,2023.0,2346,-70,108.0,348.0,0.5411960508307515,0.5817759874825545,0.3567766930316049,0.573045026620605,False,1,False,False
NAUKRI,2024.0,2536,595,246.0,711.0,0.5395696441451857,0.5159125163202666,0.3561571215649149,0.5585976454242015,False,1,False,False
NAUKRI,2024.0,2536,595,256.0,711.0,0.5395696441451857,0.5159125163202666,0.35611222508182144,0.5585976454242015,False,1,False,False
NAUKRI,2019.0,2662,551,6695.0,751.0,0.5384910797115999,0.5202704001264931,0.3272033796179293,0.5570056474962232,False,1,False,False
NESTLEIND,2013.0,9101,1117,1189.0,1948.0,0.483373013141293,0.46421216752821487,0.3519233832091997,0.5093651095014711,False,1,False,False
NESTLEIND,2014.0,9855,1185,20.0,2039.0,0.4769187466101528,0.45747725619131924,0.35717178208282757,0.5057433142153203,False,1,False,False
NESTLEIND,2015.0,8175,563,18.0,1555.0,0.49129960572462955,0.5190818863611586,0.35718076137944627,0.5250064891438583,False,1,False,False
NESTLEIND,2016.0,9141,1001,33.0,1850.0,0.48303061173380546,0.4757011339264486,0.35711341665480606,0.5132655044250181,False,1,False,False
NESTLEIND,2017.0,10010,1225,35.0,2097.0,0.4755919411561386,0.45351554364020413,0.35710443735818737,0.5034349172197518,False,1,False,False
NESTLEIND,2018.0,11292,1607,35.0,2618.0,0.4646179760461629,0.41568118877705523,0.35710443735818737,0.4826991442078337,False,1,False,False
NESTLEIND,2019.0,12369,1968,189.0,2926.0,0.45539881814956085,0.3799267330032417,0.35641303151854775,0.47044076016240044,False,1,False,False
NESTLEIND,2020.0,13350,2082,147.0,3202.0,0.44700142363092893,0.36863585223256373,0.3566015967475404,0.4594559744593498,False,1,False,False
NESTLEIND,2021.0,14741,2118,266.0,3562.0,0.43509441468554966,0.36507031093656017,0.3560673285987279,0.4451279931075447,False,1,False,False
NESTLEIND,2022.0,16897,2391,271.0,3706.0,0.4166389788219712,0.3380316227751998,0.3560448803571812,0.4393968005668226,False,1,False,False
NESTLEIND,2023.0,19126,2999,271.0,4471.0,0.3975586603897279,0.27781359199825073,0.3560448803571812,0.4089498401942367,False,1,False,False
NESTLEIND,2024.0,24394,3933,345.0,5813.0,0.35246439502361876,0.18530760392971382,0.35571264638228944,0.3555383097105631,False,1,False,False
NESTLEIND,2024.0,24394,3933,370.0,5813.0,0.35246439502361876,0.18530760392971382,0.35560040517455577,0.3555383097105631,False,1,False,False
NESTLEIND,2019.0,19786,3323,6695.0,4726.0,0.3919090371661835,0.24572372033421866,0.3272033796179293,0.39880085340337473,False,1,False,False
NHPC,2013.0,6381,2873,20340.0,4152.0,0.5066563088504458,0.2902929865342632,0.265942128436875,0.42164602366986403,False,1,False,False
NHPC,2014.0,7389,1633,20819.0,4342.0,0.49802779338175973,0.41310607561883045,0.26379158689669724,0.4140840335119669,False,1,False,False
NHPC,2015.0,8221,2798,20584.0,5134.0,0.4909058441060189,0.29772119756760396,0.264846654249394,0.3825624745379956,False,1,False,False
NHPC,2016.0,8354,2365,19938.0,4783.0,0.4897673594261228,0.3406067359334246,0.2677469670572329,0.3965322563560056,False,1,False,False
NHPC,2017.0,8623,3480,19227.0,4884.0,0.4874647099607691,0.230173998571092,0.27093910700517937,0.39251246158786024,False,1,False,False
NHPC,2018.0,7755,2785,18602.0,4248.0,0.49489482050324873,0.29900875414671635,0.2737451371985219,0.417825228642716,False,1,False,False
NHPC,2019.0,8983,2836,19066.0,4981.0,0.48438309729338125,0.29395757064404465,0.2716619403829844,0.3886518666125127,False,1,False,False
NHPC,2020.0,10008,3345,23226.0,5446.0,0.475609061226513,0.24354477843110536,0.2529850034160965,0.3701448906997644,False,1,False,False
NHPC,2021.0,9648,3600,23365.0,5277.0,0.47869067389390085,0.2182888609177468,0.25236094230109707,0.376871081945473,False,1,False,False
NHPC,2022.0,9144,3774,26096.0,4013.0,0.48300493162824387,0.20105541132039623,0.24009971276826753,0.4271782164695888,False,1,False,False
NHPC,2023.0,10607,4261,29540.0,6184.0,0.47048160014938706,0.15282156101057023,0.2246373639908728,0.3407725289285639,False,1,False,False
NHPC,2024.0,9632,4028,32561.0,4807.0,0.47882763445689586,0.17589853662081553,0.2110741364483323,0.3955770575992186,False,1,False,False
NHPC,2024.0,9632,4028,34210.0,4807.0,0.47882763445689586,0.17589853662081553,0.20367070638621734,0.3955770575992186,False,1,False,False
NHPC,2019.0,9690,3417,6695.0,5015.0,0.47833115241603896,0.23641369583909824,0.3272033796179293,0.38729866837373117,False,1,False,False
NTPC,2013.0,71518,12586,70419.0,18149.0,0.05091870313745367,0.671709863690254,0.041105030753033414,0.13543385127795976,False,1,False,False
NTPC,2014.0,78330,11403,81455.0,19727.0,0.10922966283258195,0.5545422149910257,0.008442727988931786,0.19823816953670562,False,1,False,False
NTPC,2015.0,79957,9992,102252.0,17352.0,0.12315684008213769,0.4147928047504416,0.1018139438784434,0.10371329256299114,False,1,False,False
NTPC,2016.0,73396,10781,99424.0,18568.0,0.06699444921899374,0.49293758482118644,0.0891172184596071,0.15211002957353295,False,1,False,False
NTPC,2017.0,82042,10714,113773.0,21598.0,0.1410045134474258,0.4863017162980687,0.15353918205044242,0.2727038726178929,False,1,False,False
NTPC,2018.0,88083,10502,130049.0,22485.0,0.19271568601323172,0.4653046397771588,0.22661269793339145,0.3080064266708128,False,1,False,False
NTPC,2019.0,100287,14034,173058.0,22710.0,0.29718235543768057,0.8151238580406196,0.4197079820701422,0.316961415015691,False,1,False,False
NTPC,2020.0,109464,11902,202984.0,31586.0,0.37573779835050974,0.6039645790661863,0.5540651973756923,0.6702257552340867,False,1,False,False
NTPC,2021.0,111531,14969,210208.0,34044.0,0.3934313910824284,0.9077288889229344,0.5864984167624226,0.7680540279083563,False,1,False,False
NTPC,2022.0,132669,16960,210707.0,40362.0,0.5743734148692197,1.104923131154687,0.5887387512687874,1.0195101006325364,False,1,False,False
NTPC,2023.0,176207,17121,222913.0,47596.0,0.947060226849034,1.1208690241729253,0.6435393985326898,1.3074229259074208,False,1,False,False
NTPC,2024.0,178501,21332,237131.0,51456.0,0.9666969475684445,1.5379383129915645,0.7073732181950005,1.4610507259573315,False,1,False,False
NTPC,2024.0,178501,21332,242009.0,51456.0,0.9666969475684445,1.5379383129915645,0.7292737226480004,1.4610507259573315,False,1,False,False
NTPC,2019.0,185892,22546,6695.0,52392.0,1.0299641676369549,1.6581762889179068,0.3272033796179293,1.498303477472025,False,1,False,False
ONGC,2013.0,161984,23994,20686.0,43501.0,0.8253108463816515,1.8015902832682724,0.2643887101218405,1.1444421380306373,False,1,False,False
ONGC,2014.0,174121,26665,49113.0,49130.0,0.9292039934485588,2.0661336388689815,0.1367614776320032,1.3684760464453907,False,1,False,False
ONGC,2015.0,160923,17703,53944.0,42312.0,0.8162286490480445,1.1785119417916496,0.11507198664954273,1.0971199996214809,False,1,False,False
ONGC,2016.0,124036,13102,45500.0,39135.0,0.500474631098221,0.7228159555996384,0.15298257697367776,0.9706755641918006,False,1,False,False
ONGC,2017.0,282506,29169,80029.0,52804.0,1.8569834072119877,2.3141368445687847,0.002040489499801451,1.514701056130202,False,1,False,False
ONGC,2018.0,322706,26068,106550.0,56889.0,2.2010968217369666,2.007005079043589,0.12111045231202137,1.677283844524991,False,1,False,False
ONGC,2019.0,421624,33938,107742.0,74819.0,3.047838382383282,2.786472023475479,0.12646211309676428,2.3908969157412856,True,1,False,True
ONGC,2020.0,396728,11456,129473.0,52105.0,2.8347277463630363,0.5597914841212532,0.224026660507207,1.4868808923387802,False,1,False,False
ONGC,2021.0,303849,21360,133187.0,49473.0,2.0396802382121524,1.5407115117773449,0.2407012143281257,1.382127428677805,False,1,False,False
ONGC,2022.0,491246,49294,121986.0,79874.0,3.643805152185722,4.307373471848555,0.19041266361511805,2.5920856538895496,True,-1,True,True
ONGC,2023.0,632291,32778,142255.0,75527.0,4.851155315162729,2.6715823594931423,0.2814133451972939,2.4190752790665027,True,-1,True,True
ONGC,2024.0,591396,57101,153181.0,102835.0,4.501092676182654,5.080600719012439,0.3304672426252308,3.5059322644973214,True,-1,True,True
ONGC,2024.0,591396,57101,191489.0,102835.0,4.501092676182654,5.080600719012439,0.5024566900597364,3.5059322644973214,True,-1,True,True
ONGC,2019.0,658694,42320,6695.0,85870.0,5.077165924210068,3.6166488885616426,0.3272033796179293,2.830726143293504,True,-1,True,True
PFC,2013.0,17314,4438,139473.0,5987.0,0.41306944414891356,0.13529098297188605,0.2689231436006876,0.34861311872385725,False,1,False,False
PFC,2014.0,21407,5462,159215.0,7607.0,0.3780332201277509,0.03387114166334022,0.357557780523837,0.2841372026407341,False,1,False,False
PFC,2015.0,24988,6004,187795.0,8429.0,0.3473797341224288,0.019810063404269006,0.4858719292050046,0.25142164522077903,False,1,False,False
PFC,2016.0,27861,6184,200660.0,9162.0,0.3227867530296361,0.037637769884286826,0.5436312547047674,0.22224828319057582,False,1,False,False
PFC,2017.0,27581,2236,202993.0,5275.0,0.3251835628820489,0.3533832589107707,0.5541056042104764,0.37695068184187186,False,1,False,False
PFC,2018.0,48624,8797,441151.0,11752.0,0.1450547424380406,0.29643664228587885,1.623351266268192,0.11916641735397772,False,1,False,False
PFC,2019.0,54106,12640,539488.0,17783.0,0.09812862954187307,0.6770581756342594,2.064849812064552,0.12086707023695785,False,1,False,False
PFC,2020.0,62189,9477,596561.0,14012.0,0.028937865123828156,0.36378575565483506,2.321087510023974,0.029218534423200996,False,1,False,False
PFC,2021.0,71656,15716,659682.0,19871.0,0.05209998799328568,0.9817138708150084,2.604478600958333,0.20396936207742766,False,1,False,False
PFC,2022.0,76262,18768,660476.0,23338.0,0.09152751006547606,1.2839925384650883,2.6080433817159556,0.34195578248495107,False,1,False,False
PFC,2023.0,77684,21179,751158.0,26501.0,0.10369988010165816,1.5227847624835493,3.0151736697042564,0.467843018639839,True,1,False,True
PFC,2024.0,91508,26461,861961.0,33573.0,0.22203380652935245,2.0459289048582945,3.5126401713249495,0.7493082523064112,True,1,False,True
PFC,2024.0,91508,26461,910447.0,33573.0,0.22203380652935245,2.0459289048582945,3.730325259252,0.7493082523064112,True,1,False,True
PFC,2019.0,98152,28248,6695.0,35764.0,0.27890668031303306,2.2229184130793604,0.3272033796179293,0.8365099388114252,False,1,False,False
PIDILITIND,2013.0,3678,424,111.0,558.0,0.5297940839614164,0.5328488374762834,0.3567632240866769,0.5646870374987186,False,1,False,False
PIDILITIND,2014.0,4283,450,46.0,672.0,0.5246152626731674,0.5302737243180586,0.3570550512267845,0.5601498434039804,False,1,False,False
PIDILITIND,2015.0,4844,514,58.0,771.0,0.5198130829331545,0.5239349842362746,0.3570011754470723,0.556209648532234,False,1,False,False
PIDILITIND,2016.0,5361,807,80.0,1173.0,0.515387544741378,0.49491543979935665,0.3569024031842667,0.5402100693560515,False,1,False,False
PIDILITIND,2017.0,5617,863,98.0,1262.0,0.5131961757334579,0.48936904222779554,0.3568215895146984,0.5366678739662998,False,1,False,False
PIDILITIND,2018.0,6078,966,125.0,1341.0,0.5092499995121639,0.47916763240867427,0.356700369010346,0.5335236780585425,False,1,False,False
PIDILITIND,2019.0,7078,928,113.0,1371.0,0.5006899643249754,0.4829312593322336,0.3567542447900582,0.5323296796125587,False,1,False,False
PIDILITIND,2020.0,7294,1122,288.0,1576.0,0.4988409967245427,0.46371695345932545,0.3559685563359223,0.5241706902316697,False,1,False,False
PIDILITIND,2021.0,7293,1126,331.0,1686.0,0.49884955675972986,0.46332078220421397,0.3557755014586203,0.5197926959297292,False,1,False,False
PIDILITIND,2022.0,9921,1207,416.0,1856.0,0.4763537842877984,0.45529831428820594,0.35539388135232575,0.5130267047358212,False,1,False,False
PIDILITIND,2023.0,11799,1289,391.0,1986.0,0.46027803820625834,0.44717680355842004,0.3555061225600594,0.5078527114698916,False,1,False,False
PIDILITIND,2024.0,12383,1747,382.0,2708.0,0.4552789776569402,0.4018151948481525,0.35554652939484355,0.47911714886988244,False,1,False,False
PIDILITIND,2024.0,12383,1747,379.0,2708.0,0.4552789776569402,0.4018151948481525,0.3555599983397716,0.47911714886988244,False,1,False,False
PIDILITIND,2019.0,12901,1973,6695.0,2952.0,0.4508448794299766,0.37943151893435234,0.3272033796179293,0.4694059615092145,False,1,False,False
PNB,2013.0,43071,5020,6695.0,5711.0,0.19258861783249853,0.07764806535316175,0.3272033796179293,0.35959790442690787,False,1,False,False
PNB,2013.0,43071,5020,6695.0,5711.0,0.19258861783249853,0.07764806535316175,0.3272033796179293,0.35959790442690787,False,1,False,False
PNB,2013.0,43071,5020,6695.0,5711.0,0.19258861783249853,0.07764806535316175,0.3272033796179293,0.35959790442690787,False,1,False,False
PNB,2013.0,43071,5020,6695.0,5711.0,0.19258861783249853,0.07764806535316175,0.3272033796179293,0.35959790442690787,False,1,False,False
PNB,2013.0,43071,5020,6695.0,5711.0,0.19258861783249853,0.07764806535316175,0.3272033796179293,0.35959790442690787,False,1,False,False
PNB,2014.0,44958,3674,10108.0,5711.0,0.17643583143427377,0.2109596926981839,0.3118802099381243,0.35959790442690787,False,1,False,False
PNB,2014.0,44958,3674,10108.0,5711.0,0.17643583143427377,0.2109596926981839,0.3118802099381243,0.35959790442690787,False,1,False,False
PNB,2014.0,44958,3674,10108.0,5711.0,0.17643583143427377,0.2109596926981839,0.3118802099381243,0.35959790442690787,False,1,False,False
PNB,2014.0,44958,3674,10108.0,5711.0,0.17643583143427377,0.2109596926981839,0.3118802099381243,0.35959790442690787,False,1,False,False
PNB,2014.0,44958,3674,10108.0,5711.0,0.17643583143427377,0.2109596926981839,0.3118802099381243,0.35959790442690787,False,1,False,False
PNB,2015.0,48710,3525,16481.0,5711.0,0.1443185794119424,0.22571707195108756,0.2832676812626491,0.35959790442690787,False,1,False,False
PNB,2015.0,48710,3525,16481.0,5711.0,0.1443185794119424,0.22571707195108756,0.2832676812626491,0.35959790442690787,False,1,False,False
PNB,2015.0,48710,3525,16481.0,5711.0,0.1443185794119424,0.22571707195108756,0.2832676812626491,0.35959790442690787,False,1,False,False
PNB,2015.0,48710,3525,16481.0,5711.0,0.1443185794119424,0.22571707195108756,0.2832676812626491,0.35959790442690787,False,1,False,False
PNB,2015.0,48710,3525,16481.0,5711.0,0.1443185794119424,0.22571707195108756,0.2832676812626491,0.35959790442690787,False,1,False,False
PNB,2016.0,50804,-3510,26014.0,5711.0,0.1263938657299696,0.9224832668784507,0.24046786392963407,0.35959790442690787,False,1,False,False
PNB,2016.0,50804,-3510,26014.0,5711.0,0.1263938657299696,0.9224832668784507,0.24046786392963407,0.35959790442690787,False,1,False,False
PNB,2016.0,50804,-3510,26014.0,5711.0,0.1263938657299696,0.9224832668784507,0.24046786392963407,0.35959790442690787,False,1,False,False
PNB,2016.0,50804,-3510,26014.0,5711.0,0.1263938657299696,0.9224832668784507,0.24046786392963407,0.35959790442690787,False,1,False,False
PNB,2016.0,50804,-3510,26014.0,5711.0,0.1263938657299696,0.9224832668784507,0.24046786392963407,0.35959790442690787,False,1,False,False
PNB,2017.0,48058,1239,35497.0,5711.0,0.14989972235398932,0.45212894424731387,0.1978925290120864,0.35959790442690787,False,1,False,False
PNB,2017.0,48058,1239,35497.0,5711.0,0.14989972235398932,0.45212894424731387,0.1978925290120864,0.35959790442690787,False,1,False,False
PNB,2017.0,48058,1239,35497.0,5711.0,0.14989972235398932,0.45212894424731387,0.1978925290120864,0.35959790442690787,False,1,False,False
PNB,2017.0,48058,1239,35497.0,5711.0,0.14989972235398932,0.45212894424731387,0.1978925290120864,0.35959790442690787,False,1,False,False
PNB,2017.0,48058,1239,35497.0,5711.0,0.14989972235398932,0.45212894424731387,0.1978925290120864,0.35959790442690787,False,1,False,False
PNB,2018.0,48725,-12111,53777.0,5711.0,0.14419017888413457,1.774350508181969,0.11582175791720385,0.35959790442690787,False,1,False,False
PNB,2018.0,48725,-12111,53777.0,5711.0,0.14419017888413457,1.774350508181969,0.11582175791720385,0.35959790442690787,False,1,False,False
PNB,2018.0,48725,-12111,53777.0,5711.0,0.14419017888413457,1.774350508181969,0.11582175791720385,0.35959790442690787,False,1,False,False
PNB,2018.0,48725,-12111,53777.0,5711.0,0.14419017888413457,1.774350508181969,0.11582175791720385,0.35959790442690787,False,1,False,False
PNB,2018.0,48725,-12111,53777.0,5711.0,0.14419017888413457,1.774350508181969,0.11582175791720385,0.35959790442690787,False,1,False,False
PNB,2019.0,52147,-9550,71859.0,5711.0,0.1148977384735754,1.5207018620968265,0.03463993718757221,0.35959790442690787,False,1,False,False
PNB,2019.0,52147,-9550,71859.0,5711.0,0.1148977384735754,1.5207018620968265,0.03463993718757221,0.35959790442690787,False,1,False,False
PNB,2019.0,52147,-9550,71859.0,5711.0,0.1148977384735754,1.5207018620968265,0.03463993718757221,0.35959790442690787,False,1,False,False
PNB,2019.0,52147,-9550,71859.0,5711.0,0.1148977384735754,1.5207018620968265,0.03463993718757221,0.35959790442690787,False,1,False,False
PNB,2019.0,52147,-9550,71859.0,5711.0,0.1148977384735754,1.5207018620968265,0.03463993718757221,0.35959790442690787,False,1,False,False
PNB,2020.0,54918,485,67736.0,5711.0,0.09117788096987597,0.526807225835833,0.05315075716701426,0.35959790442690787,False,1,False,False
PNB,2020.0,54918,485,67736.0,5711.0,0.09117788096987597,0.526807225835833,0.05315075716701426,0.35959790442690787,False,1,False,False
PNB,2020.0,54918,485,67736.0,5711.0,0.09117788096987597,0.526807225835833,0.05315075716701426,0.35959790442690787,False,1,False,False
PNB,2020.0,54918,485,67736.0,5711.0,0.09117788096987597,0.526807225835833,0.05315075716701426,0.35959790442690787,False,1,False,False
PNB,2020.0,54918,485,67736.0,5711.0,0.09117788096987597,0.526807225835833,0.05315075716701426,0.35959790442690787,False,1,False,False
PNB,2021.0,81935,2695,59394.0,5711.0,0.14008858968239662,0.3079226073867253,0.09060340336359579,0.35959790442690787,False,1,False,False
PNB,2021.0,81935,2695,59394.0,5711.0,0.14008858968239662,0.3079226073867253,0.09060340336359579,0.35959790442690787,False,1,False,False
PNB,2021.0,81935,2695,59394.0,5711.0,0.14008858968239662,0.3079226073867253,0.09060340336359579,0.35959790442690787,False,1,False,False
PNB,2021.0,81935,2695,59394.0,5711.0,0.14008858968239662,0.3079226073867253,0.09060340336359579,0.35959790442690787,False,1,False,False
PNB,2021.0,81935,2695,59394.0,5711.0,0.14008858968239662,0.3079226073867253,0.09060340336359579,0.35959790442690787,False,1,False,False
PNB,2022.0,76242,3908,52961.0,5711.0,0.0913563093617323,0.18778367427416073,0.11948531093763186,0.35959790442690787,False,1,False,False
PNB,2022.0,76242,3908,52961.0,5711.0,0.0913563093617323,0.18778367427416073,0.11948531093763186,0.35959790442690787,False,1,False,False
PNB,2022.0,76242,3908,52961.0,5711.0,0.0913563093617323,0.18778367427416073,0.11948531093763186,0.35959790442690787,False,1,False,False
PNB,2022.0,76242,3908,52961.0,5711.0,0.0913563093617323,0.18778367427416073,0.11948531093763186,0.35959790442690787,False,1,False,False
PNB,2022.0,76242,3908,52961.0,5711.0,0.0913563093617323,0.18778367427416073,0.11948531093763186,0.35959790442690787,False,1,False,False
PNB,2023.0,86845,3359,53621.0,5711.0,0.18211836245149232,0.2421581790382151,0.11652214305346215,0.35959790442690787,False,1,False,False
PNB,2023.0,86845,3359,53621.0,5711.0,0.18211836245149232,0.2421581790382151,0.11652214305346215,0.35959790442690787,False,1,False,False
PNB,2023.0,86845,3359,53621.0,5711.0,0.18211836245149232,0.2421581790382151,0.11652214305346215,0.35959790442690787,False,1,False,False
PNB,2023.0,86845,3359,53621.0,5711.0,0.18211836245149232,0.2421581790382151,0.11652214305346215,0.35959790442690787,False,1,False,False
PNB,2023.0,86845,3359,53621.0,5711.0,0.18211836245149232,0.2421581790382151,0.11652214305346215,0.35959790442690787,False,1,False,False
PNB,2024.0,109065,9157,55017.0,5711.0,0.3723223443108215,0.3320920552459145,0.11025459401361225,0.35959790442690787,False,1,False,False
PNB,2024.0,109065,9157,55017.0,5711.0,0.3723223443108215,0.3320920552459145,0.11025459401361225,0.35959790442690787,False,1,False,False
PNB,2024.0,109065,9157,55017.0,5711.0,0.3723223443108215,0.3320920552459145,0.11025459401361225,0.35959790442690787,False,1,False,False
PNB,2024.0,109065,9157,55017.0,5711.0,0.3723223443108215,0.3320920552459145,0.11025459401361225,0.35959790442690787,False,1,False,False
PNB,2024.0,109065,9157,55017.0,5711.0,0.3723223443108215,0.3320920552459145,0.11025459401361225,0.35959790442690787,False,1,False,False
PNB,2019.0,116126,14535,6695.0,5711.0,0.4327647527675597,0.8647443077433359,0.3272033796179293,0.35959790442690787,False,1,False,False
POWERGRID,2013.0,13081,4313,69233.0,10837.0,0.4493040730962826,0.14767133469412064,0.046429753647920215,0.15558336995648245,False,1,False,False
POWERGRID,2013.0,13081,4313,69233.0,10837.0,0.4493040730962826,0.14767133469412064,0.046429753647920215,0.15558336995648245,False,1,False,False
POWERGRID,2014.0,15555,4548,84220.0,12967.0,0.4281265460431782,0.1243962734563196,0.020856605564279176,0.07080948029163536,False,1,False,False
POWERGRID,2014.0,15555,4548,84220.0,12967.0,0.4281265460431782,0.1243962734563196,0.020856605564279176,0.07080948029163536,False,1,False,False
POWERGRID,2015.0,17540,5046,96243.0,14927.0,0.41113487619660893,0.07507295219493695,0.07483564718757091,0.007198418179303737,False,1,False,False
POWERGRID,2015.0,17540,5046,96243.0,14927.0,0.41113487619660893,0.07507295219493695,0.07483564718757091,0.007198418179303737,False,1,False,False
POWERGRID,2016.0,20652,5959,108545.0,18184.0,0.3844960466940782,0.015353136784264549,0.13006730068917075,0.1368268494649408,False,1,False,False
POWERGRID,2016.0,20652,5959,108545.0,18184.0,0.3844960466940782,0.015353136784264549,0.13006730068917075,0.1368268494649408,False,1,False,False
POWERGRID,2017.0,25697,7451,118988.0,22450.0,0.3413106691747121,0.1631250149408567,0.17695269798369256,0.3066134284838317,False,1,False,False
POWERGRID,2017.0,25697,7451,118988.0,22450.0,0.3413106691747121,0.1631250149408567,0.17695269798369256,0.3066134284838317,False,1,False,False
POWERGRID,2018.0,29954,8204,131503.0,25961.0,0.3048705993828505,0.23770425371559795,0.23314064657518355,0.4463510466121313,False,1,False,False
POWERGRID,2018.0,29954,8204,131503.0,25961.0,0.3048705993828505,0.23770425371559795,0.23314064657518355,0.4463510466121313,False,1,False,False
POWERGRID,2019.0,35059,10034,146376.0,26920.0,0.26117161975225306,0.41895260292911246,0.29991518588011723,0.48451919693541223,False,1,False,False
POWERGRID,2019.0,35059,10034,146376.0,26920.0,0.26117161975225306,0.41895260292911246,0.29991518588011723,0.48451919693541223,False,1,False,False
POWERGRID,2020.0,37744,11059,148270.0,32886.0,0.23818792527465185,0.5204714870514362,0.3084185797780225,0.721965687893383,False,1,False,False
POWERGRID,2020.0,37744,11059,148270.0,32886.0,0.23818792527465185,0.5204714870514362,0.3084185797780225,0.721965687893383,False,1,False,False
POWERGRID,2021.0,39640,12036,143232.0,34906.0,0.22195809855974238,0.6172363161124218,0.28579973159552696,0.8023615832562897,False,1,False,False
POWERGRID,2021.0,39640,12036,143232.0,34906.0,0.22195809855974238,0.6172363161124218,0.28579973159552696,0.8023615832562897,False,1,False,False
POWERGRID,2022.0,41622,16824,134696.0,35826.0,0.2049921088187347,1.091453308480896,0.2474760936269319,0.8389775355997917,False,1,False,False
POWERGRID,2022.0,41622,16824,134696.0,35826.0,0.2049921088187347,1.091453308480896,0.2474760936269319,0.8389775355997917,False,1,False,False
POWERGRID,2023.0,45603,15420,128584.0,39576.0,0.17091460873853717,0.9523971979367568,0.22003536316019656,0.9882273413477619,False,1,False,False
POWERGRID,2023.0,45603,15420,128584.0,39576.0,0.17091460873853717,0.9523971979367568,0.22003536316019656,0.9882273413477619,False,1,False,False
POWERGRID,2024.0,45843,15573,123516.0,39826.0,0.1688602002936119,0.967550748444772,0.19728182552842058,0.9981773283976266,False,1,False,False
POWERGRID,2024.0,45843,15573,122568.0,39826.0,0.1688602002936119,0.967550748444772,0.19302563893115862,0.9981773283976266,False,1,False,False
POWERGRID,2024.0,45843,15573,123516.0,39826.0,0.1688602002936119,0.967550748444772,0.19728182552842058,0.9981773283976266,False,1,False,False
POWERGRID,2024.0,45843,15573,122568.0,39826.0,0.1688602002936119,0.967550748444772,0.19302563893115862,0.9981773283976266,False,1,False,False
POWERGRID,2019.0,45812,15712,6695.0,39235.0,0.16912556138441476,0.9813176995598969,0.3272033796179293,0.9746555590117465,False,1,False,False
RECLTD,2013.0,13634,3833,107762.0,13270.0,0.44457037363776736,0.1952118853075015,0.12655190606295122,0.05875009598719937,False,1,False,False
RECLTD,2014.0,17223,4741,126173.0,16650.0,0.41384840735094774,0.10528101039718937,0.20921082108635838,0.07577372892697112,False,1,False,False
RECLTD,2015.0,20544,5344,150979.0,19395.0,0.3854205304942946,0.045558193689129674,0.32058103704804636,0.18502458673448532,False,1,False,False
RECLTD,2016.0,24125,5691,169212.0,22445.0,0.35476704448897245,0.011190337308206429,0.4024407946723896,0.3064144287428344,False,1,False,False
RECLTD,2017.0,24338,6313,167852.0,22450.0,0.3529437569941013,0.05041429286163293,0.3963348729716762,0.3066134284838317,False,1,False,False
RECLTD,2018.0,22658,4451,204367.0,19279.0,0.36732461610857803,0.13400342639277366,0.5602743809875207,0.18040779274334812,False,1,False,False
RECLTD,2019.0,25408,5741,244249.0,23705.0,0.3437845193438096,0.00623819661931259,0.73933053486094,0.35656236347415243,False,1,False,False
RECLTD,2020.0,29942,4972,286289.0,25961.0,0.3049733198050968,0.08240212041449983,0.9280753497859325,0.4463510466121313,False,1,False,False
RECLTD,2021.0,35557,8378,329723.0,32265.0,0.25690872222903316,0.2549377033129485,1.1230787344541562,0.6972499200615192,False,1,False,False
RECLTD,2022.0,39276,10036,333043.0,34438.0,0.225073951367879,0.4191506885566682,1.1379843668411918,0.783735207498943,False,1,False,False
RECLTD,2023.0,39486,11167,380790.0,37628.0,0.2232763439785694,0.5311681109394468,1.3523516046676336,0.9106970422552163,False,1,False,False
RECLTD,2024.0,47517,14145,445568.0,47883.0,0.15453070139025832,0.8261176103699639,1.6431820428505823,1.3188455110406656,False,1,False,False
RECLTD,2024.0,47517,14145,483617.0,47883.0,0.15453070139025832,0.8261176103699639,1.8140086713729666,1.3188455110406656,False,1,False,False
RECLTD,2019.0,51490,14885,6695.0,50860.0,0.12052168159155827,0.8994092925655928,0.3272033796179293,1.437329956830454,False,1,False,False
RELIANCE,2013.0,395957,20886,107219.0,33155.0,2.828127959233714,1.4937652180466314,0.12411402703097522,0.7326718739590374,False,1,False,False
RELIANCE,2014.0,433521,22548,138761.0,34935.0,3.149677121005264,1.6583743745454627,0.26572651400443176,0.803515781754074,True,1,False,True
RELIANCE,2015.0,374372,23640,168251.0,37449.0,2.6433595997182495,1.766529127190904,0.3981262426471061,0.9035728515275132,False,1,False,False
RELIANCE,2016.0,272583,29861,194714.0,41781.0,1.772042178049516,2.3826744717030754,0.5169358058573839,1.0759862271275684,False,1,False,False
RELIANCE,2017.0,303954,29833,217475.0,46307.0,2.0405790419068075,2.379901272917295,0.6191246910264551,1.2561207926783187,False,1,False,False
RELIANCE,2018.0,390823,36080,239843.0,64315.0,2.784180738582688,2.998621730587691,0.7195491444099524,1.9728382598541714,False,1,False,False
RELIANCE,2019.0,568337,39837,307714.0,84250.0,4.3037068248012735,3.3707255819511746,1.0242660648137147,2.766250227210381,True,-1,True,True
RELIANCE,2020.0,596679,39880,355133.0,89266.0,4.546315342076571,3.374984422943623,1.2371606979946905,2.965886767378866,True,-1,True,True
RELIANCE,2021.0,466307,53739,278962.0,80790.0,3.4303264346524274,4.747618779091217,0.8951796966233393,2.628542406440254,True,-1,True,True
RELIANCE,2022.0,694673,67845,319158.0,108581.0,5.3851474302099245,6.144716710241948,1.0756456000658938,3.734622766851411,True,-1,True,True
RELIANCE,2023.0,876396,74088,451664.0,142318.0,6.940702704531386,6.7630409966572325,1.670550938944368,5.0773536192565505,True,-1,True,True
RELIANCE,2024.0,899041,79020,458991.0,162498.0,7.13454470134527,7.251520154209721,1.7034465921069613,5.880516573921628,True,-1,True,True
RELIANCE,2024.0,899041,79020,357525.0,162498.0,7.13454470134527,7.251520154209721,1.247899936750651,5.880516573921628,True,-1,True,True
RELIANCE,2019.0,939838,79941,6695.0,164128.0,7.483768456877001,7.342738585699145,0.3272033796179293,5.945390489486745,True,-1,True,True
SBILIFE,2013.0,14870,630,0.0,427.0,0.43399017014640234,0.5124460178380409,0.3572615750490145,0.5699008307128478,False,1,False,False
SBILIFE,2014.0,17258,728,0.0,511.0,0.4135488061193961,0.5027398220878089,0.3572615750490145,0.5665576350640933,False,1,False,False
SBILIFE,2015.0,23399,815,0.0,794.0,0.3609816300348713,0.4941230972891336,0.3572615750490145,0.5552942497236464,False,1,False,False
SBILIFE,2016.0,19324,844,0.0,920.0,0.3958637734226646,0.4912508556895752,0.3572615750490145,0.5502794562505147,False,1,False,False
SBILIFE,2017.0,30548,955,0.0,1068.0,0.2997859384816605,0.4802571033602309,0.3572615750490145,0.5443890639169947,False,1,False,False
SBILIFE,2018.0,34068,1150,0.0,1332.0,0.26965461462275686,0.4609437546735449,0.3572615750490145,0.5338818775923376,False,1,False,False
SBILIFE,2019.0,44604,1327,0.0,1474.0,0.1794660838905385,0.44341317663486074,0.3572615750490145,0.5282302849480145,False,1,False,False
SBILIFE,2020.0,43798,1422,0.0,1351.0,0.18636547225141245,0.43400410932596245,0.3572615750490145,0.5331256785765479,False,1,False,False
SBILIFE,2021.0,81913,1456,0.0,872.0,0.13990026890827847,0.43063665365751463,0.3572615750490145,0.5521898537640887,False,1,False,False
SBILIFE,2022.0,82983,1506,0.0,730.0,0.1490595065585702,0.4256845129686208,0.3572615750490145,0.5578414464084118,False,1,False,False
SBILIFE,2023.0,80636,1721,0.0,122.0,0.12896910397423872,0.40439030800637726,0.3572615750490145,0.5820398149136827,False,1,False,False
SBILIFE,2024.0,131988,1894,0.0,246.0,0.5685440309067442,0.38725590122280457,0.3572615750490145,0.5771046213369498,False,1,False,False
SBILIFE,2024.0,131988,1894,0.0,246.0,0.5685440309067442,0.38725590122280457,0.3572615750490145,0.5771046213369498,False,1,False,False
SBILIFE,2019.0,130073,2411,6695.0,1007.0,0.5521515635232782,0.3360507664996423,0.3272033796179293,0.5468168607571617,False,1,False,False
SBIN,2013.0,167976,18555,6695.0,-5124.0,0.8766025772232852,1.2628964191304006,0.3272033796179293,0.7908303431680431,False,1,False,False
SBIN,2014.0,189062,14807,6695.0,-14614.0,1.0570994791803425,0.8916839530909184,0.3272033796179293,1.1685318515809064,False,1,False,False
SBIN,2015.0,207974,17832,6695.0,-21879.0,1.218986864640452,1.1912884647689956,0.3272033796179293,1.457678475249974,False,1,False,False
SBIN,2016.0,220633,13019,6695.0,-32399.0,1.3273483500750716,0.7145954020560746,0.3272033796179293,1.8763739303082798,False,1,False,False
SBIN,2017.0,230447,-97,6695.0,-64334.0,1.4113565354021398,0.5844501434545573,0.3272033796179293,3.147385276057994,True,1,False,True
SBIN,2018.0,228970,-3749,6695.0,-86697.0,1.3987133634306623,0.9461544993713633,0.3272033796179293,4.0374315176424895,True,1,False,True
SBIN,2019.0,253322,3351,6695.0,-68649.0,1.6071673403090776,0.2429505215484381,0.3272033796179293,3.3191220525386584,True,1,False,True
SBIN,2020.0,269852,21140,6695.0,-64181.0,1.748664721953304,1.5189220927462121,0.3272033796179293,3.141295883983477,True,1,False,True
SBIN,2021.0,278115,23888,6695.0,-70715.0,1.8193962927050429,1.7910917450078174,0.3272033796179293,3.40134874551874,True,-1,True,True
SBIN,2022.0,289973,37183,6695.0,-63570.0,1.9209011899547246,3.1078659541846894,0.3272033796179293,3.1169781156336076,True,-1,True,True
SBIN,2023.0,350845,57750,6695.0,-43439.0,2.441967651869265,5.1448795051542815,0.3272033796179293,2.315765358430304,True,-1,True,True
SBIN,2024.0,439189,69543,6695.0,-60297.0,3.1981954004462487,6.312891408036782,0.3272033796179293,2.9867128851767792,True,-1,True,True
SBIN,2019.0,469625,74461,6695.0,-59190.0,3.4587286314035186,6.79998396619638,0.3272033796179293,2.9426543425199787,True,-1,True,True
SHREECEM,2013.0,5418,1004,1288.0,1561.0,0.5148996227357083,0.4754040054851149,0.3514789080265742,0.5247676894546616,False,1,False,False
SHREECEM,2014.0,5715,787,1200.0,1390.0,0.5123572922851134,0.4968962960749142,0.3518739970777969,0.531573480596769,False,1,False,False
SHREECEM,2015.0,6259,426,917.0,1344.0,0.5077006331432828,0.5326507518487277,0.35314456754934237,0.5334042782139441,False,1,False,False
SHREECEM,2016.0,5514,1143,881.0,1407.0,0.5140778593577382,0.46163705436999003,0.35330619488847886,0.5308968814773782,False,1,False,False
SHREECEM,2017.0,8594,1339,1293.0,2513.0,0.48771295098119755,0.4422246628695262,0.3514564597850275,0.4868781387687769,False,1,False,False
SHREECEM,2018.0,9833,1384,3403.0,2473.0,0.477107067384271,0.43776773624952176,0.3419833018523031,0.4884701366967552,False,1,False,False
SHREECEM,2019.0,12555,1015,2803.0,2797.0,0.4538066516047438,0.47431453453355826,0.3446770908379119,0.47557495348013057,False,1,False,False
SHREECEM,2020.0,12868,1544,3146.0,3771.0,0.45112736059115377,0.42192088604506145,0.34313714146780555,0.4368098039338578,False,1,False,False
SHREECEM,2021.0,13560,2337,2230.0,4091.0,0.4452038162416193,0.3433799347192052,0.34724965931916835,0.424073820510031,False,1,False,False
SHREECEM,2022.0,15010,1269,2129.0,3710.0,0.43279176522019597,0.4491576598339776,0.3477031137984125,0.4392376007740248,False,1,False,False
SHREECEM,2023.0,17852,2369,2725.0,2960.0,0.4084641452182061,0.3402105646783131,0.34502728340604105,0.46908756192361883,False,1,False,False
SHREECEM,2024.0,20521,1733,1656.0,4518.0,0.38561741130359994,0.40320179424104274,0.3498267174487341,0.40707924262886214,False,1,False,False
SHREECEM,2024.0,20521,1733,1682.0,4518.0,0.38561741130359994,0.40320179424104274,0.3497099865926911,0.40707924262886214,False,1,False,False
SHREECEM,2019.0,19802,1733,6695.0,4226.0,0.39177207660318847,0.40320179424104274,0.3272033796179293,0.41870082750310406,False,1,False,False
SHRIRAMFIN,2013.0,7009,1463,33386.0,2179.0,0.5012806067528914,0.4299433539610695,0.20737017659312015,0.5001713214673961,False,1,False,False
SHRIRAMFIN,2014.0,8476,1358,38630.0,1999.0,0.4887230351332858,0.44034284940774654,0.18382646085889892,0.5073353121432986,False,1,False,False
SHRIRAMFIN,2015.0,9177,1028,46695.0,1691.0,0.48272245046706663,0.47302697795444587,0.14761744724400683,0.519593696188732,False,1,False,False
SHRIRAMFIN,2016.0,10359,1184,49790.0,1824.0,0.4726044888758098,0.4575762990050971,0.13372198572657457,0.514300303078204,False,1,False,False
SHRIRAMFIN,2017.0,10903,1266,53080.0,1972.0,0.46794782973397925,0.4494547882753112,0.11895104278881945,0.508409910744684,False,1,False,False
SHRIRAMFIN,2018.0,13502,2549,82131.0,3805.0,0.44570029828247626,0.3223828581982953,0.011477730246051076,0.4354566056950762,False,1,False,False
SHRIRAMFIN,2019.0,15536,2576,87914.0,3801.0,0.42828918671173477,0.3197087022262926,0.03744136641901091,0.43561580548787404,False,1,False,False
SHRIRAMFIN,2020.0,16561,2512,94735.0,3565.0,0.41951515064486655,0.32604744230807675,0.06806525753707404,0.4450085932629463,False,1,False,False
SHRIRAMFIN,2021.0,17422,2499,106546.0,3402.0,0.4121449603486972,0.32733499888718914,0.12109249371878399,0.4514959848194581,False,1,False,False
SHRIRAMFIN,2022.0,19255,2721,114846.0,3666.0,0.3964544158505806,0.3053474942285005,0.1583565746863729,0.44098879849480094,False,1,False,False
SHRIRAMFIN,2023.0,30492,6020,164202.0,8799.0,0.30026530045214306,0.021394748424715032,0.3799476566425558,0.23669566438697934,False,1,False,False
SHRIRAMFIN,2024.0,36388,7399,195496.0,10523.0,0.2497953329884795,0.15797478862440711,0.520446710835294,0.1680805536911125,False,1,False,False
SHRIRAMFIN,2024.0,36388,7399,207820.0,10523.0,0.2497953329884795,0.15797478862440711,0.5757771365996995,0.1680805536911125,False,1,False,False
SHRIRAMFIN,2019.0,39864,9454,6695.0,11416.0,0.22004065067781214,0.3615077709379439,0.3272033796179293,0.13253919994899585,False,1,False,False
SIEMENS,2011.0,11955,868,0.0,1171.0,0.4589426727170569,0.4888738281589062,0.3572615750490145,0.5402896692524505,False,1,False,False
SIEMENS,2014.0,10678,603,0.0,119.0,0.4698738376510967,0.5151201738100435,0.3572615750490145,0.582159214758281,False,1,False,False
SIEMENS,2015.0,10563,1174,25.0,998.0,0.47085824169762336,0.4585667271428759,0.35714933384128084,0.5471750602909569,False,1,False,False
SIEMENS,2016.0,10837,2914,25.0,1021.0,0.46851279205633367,0.28623223116937024,0.35714933384128084,0.5462596614823693,False,1,False,False
SIEMENS,2017.0,11065,1137,0.0,1056.0,0.4665611040336547,0.4622313112526573,0.3572615750490145,0.5448666632953882,False,1,False,False
SIEMENS,2018.0,12795,901,0.0,1327.0,0.45175224315981855,0.48560541530423623,0.3572615750490145,0.5340808773333349,False,1,False,False
SIEMENS,2019.0,13084,1099,0.0,1490.0,0.44927839299072103,0.4659949381762166,0.3572615750490145,0.5275934857768232,False,1,False,False
SIEMENS,2020.0,9946,769,0.0,1003.0,0.4761397834081187,0.49867906672291595,0.3572615750490145,0.5469760605499595,False,1,False,False
SIEMENS,2021.0,13198,1089,4.0,1452.0,0.44830254897938154,0.4669853663139954,0.3572436164557771,0.5291058838084026,False,1,False,False
SIEMENS,2022.0,16138,1543,182.0,1860.0,0.42313604552904727,0.4220199288588393,0.3564444590567132,0.5128675049430235,False,1,False,False
SIEMENS,2023.0,19554,1962,175.0,2487.0,0.39389496532961127,0.380520989885909,0.3564758865948786,0.4879129374219628,False,1,False,False
SIEMENS,2024.0,22240,2718,279.0,3104.0,0.37090271081682286,0.3056446226698341,0.3560089631707064,0.46335636938289676,False,1,False,False
SUNPHARMA,2013.0,11131,3469,260.0,4784.0,0.46599614171130027,0.23126346952264865,0.35609426648858405,0.3964924564078061,False,1,False,False
SUNPHARMA,2014.0,16080,3879,2561.0,7003.0,0.4236325275699042,0.19065591587371916,0.34576358572877414,0.3081763713532072,False,1,False,False
SUNPHARMA,2015.0,27392,5476,8996.0,7894.0,0.32680140953242753,0.03248454227044994,0.31687269885811936,0.2727146175074895,False,1,False,False
SUNPHARMA,2016.0,28487,5658,8497.0,8174.0,0.31742817100245607,0.014458750162876363,0.31911303336448404,0.26157063201164105,False,1,False,False
SUNPHARMA,2017.0,31578,7846,9832.0,10102.0,0.29096910223885636,0.20224692638311806,0.3131193528715044,0.1848363318830846,False,1,False,False
SUNPHARMA,2018.0,26489,2542,10385.0,5631.0,0.3345311213064588,0.3230761578947404,0.3106365773564349,0.36278190028286456,False,1,False,False
SUNPHARMA,2019.0,29066,3208,10514.0,6377.0,0.3124719106290739,0.2571136439186745,0.310057412724529,0.33309113892606834,False,1,False,False
SUNPHARMA,2020.0,32838,4172,8315.0,6983.0,0.28018345790299876,0.16163637143680126,0.3199301493567854,0.3089723703171964,False,1,False,False
SUNPHARMA,2021.0,33498,2272,3869.0,8470.0,0.27453383467945436,0.34981771761476715,0.33989112574014685,0.24978984734460125,False,1,False,False
SUNPHARMA,2022.0,38654,3389,1290.0,10258.0,0.23039829325431027,0.2391868946248788,0.3514699287299555,0.17862753996396905,False,1,False,False
SUNPHARMA,2023.0,43886,8513,6886.0,11650.0,0.18561218915493988,0.26830848317296185,0.32634585679084377,0.12322601207032251,False,1,False,False
SUNPHARMA,2024.0,48497,9610,3274.0,13018.0,0.14614186690681355,0.3769584498872927,0.34256246648420896,0.06877968293346297,False,1,False,False
SUNPHARMA,2024.0,48497,9610,2572.0,13018.0,0.14614186690681355,0.3769584498872927,0.3457141995973713,0.06877968293346297,False,1,False,False
SUNPHARMA,2019.0,50308,11117,6695.0,14059.0,0.13063964318281512,0.526215970250553,0.3272033796179293,0.027347936857826435,False,1,False,False
TATACONSUM,2013.0,7351,445,1389.0,770.0,0.4983530747188729,0.530768938386948,0.35102545354733006,0.5562494484804335,False,1,False,False
TATACONSUM,2014.0,7738,510,1438.0,752.0,0.49504034110143097,0.5243311554913861,0.350805460780172,0.5569658475480237,False,1,False,False
TATACONSUM,2015.0,7993,273,1324.0,792.0,0.4928575321286979,0.5478043023567428,0.35131728068743767,0.5553738496200453,False,1,False,False
TATACONSUM,2016.0,6637,-37,1354.0,366.0,0.5044649398425255,0.5785075746278847,0.35118259123815726,0.5723286275530147,False,1,False,False
TATACONSUM,2017.0,6780,455,787.0,791.0,0.5032408548107575,0.5297785102491693,0.3537282218295576,0.5554136495682448,False,1,False,False
TATACONSUM,2018.0,6815,556,1068.0,839.0,0.5029412535792059,0.5197751860576038,0.3524666306546308,0.5535032520546708,False,1,False,False
TATACONSUM,2019.0,7252,457,1141.0,786.0,0.4992005182024046,0.5295804246216135,0.3521388863280484,0.5556126493092421,False,1,False,False
TATACONSUM,2020.0,9637,460,1586.0,1292.0,0.4787848342809599,0.5292832961802799,0.3501409928303885,0.535473875520316,False,1,False,False
TATACONSUM,2021.0,11602,930,1634.0,1544.0,0.4619643651381345,0.48273317370467783,0.3499254897115398,0.5254442885740523,False,1,False,False
TATACONSUM,2022.0,12425,1015,1412.0,1719.0,0.4549194561790783,0.47431453453355826,0.3509221916362151,0.5184792976391471,False,1,False,False
TATACONSUM,2023.0,13783,1320,1600.0,1856.0,0.4432949283948763,0.44410647633130584,0.3500781377540576,0.5130267047358212,False,1,False,False
TATACONSUM,2024.0,15206,1215,3477.0,2284.0,0.431113998323507,0.4545059717779829,0.34165106787741134,0.4959923269064529,False,1,False,False
TATACONSUM,2024.0,15206,1215,2955.0,2284.0,0.431113998323507,0.4545059717779829,0.343994664294891,0.4959923269064529,False,1,False,False
TATACONSUM,2019.0,16297,1170,6695.0,2496.0,0.4217749999342843,0.4589628983979874,0.3272033796179293,0.48755473788816767,False,1,False,False
TATAMOTORS,2013.0,188793,9976,53716.0,24596.0,1.0547968297149888,0.4132081197299956,0.11609562646407408,0.39202411731987014,False,1,False,False
TATAMOTORS,2014.0,232834,14050,60642.0,34853.0,1.431789339393959,0.8167085430610657,0.08500032227352941,0.8002521860017183,False,1,False,False
TATAMOTORS,2015.0,263159,14073,73610.0,39239.0,1.6913724064454512,0.8189865277779568,0.02677856299790375,0.9748147588045444,False,1,False,False
TATAMOTORS,2016.0,273046,11678,69360.0,38395.0,1.7760054743411842,0.5817789887799419,0.04585956831263301,0.9412236025242011,False,1,False,False
TATAMOTORS,2017.0,269693,7557,78604.0,29589.0,1.747303676358541,0.17362355320131165,0.004357259341019536,0.5907452586797676,False,1,False,False
TATAMOTORS,2018.0,291550,9091,88950.0,31458.0,1.9344003654449209,0.3255552295365746,0.0420926420674955,0.665131361864556,False,1,False,False
TATAMOTORS,2019.0,301938,-28724,106175.0,24664.0,2.0233220109694354,3.419748773473836,0.11942683419601585,0.39473051379743335,True,1,False,True
TATAMOTORS,2020.0,261068,-11975,124788.0,17987.0,1.6734733728690399,1.7608806855081778,0.20299265817791132,0.12898625966964744,False,1,False,False
TATAMOTORS,2021.0,249795,-13395,142131.0,32287.0,1.5769760962038637,1.9015214810727628,0.28085662880693474,0.6981255189219072,False,1,False,False
TATAMOTORS,2022.0,278454,-11309,146449.0,24720.0,1.8222981446334998,1.6949181715321118,0.3002429302066997,0.396959310896603,False,1,False,False
TATAMOTORS,2023.0,345967,2690,134113.0,31816.0,2.400211800226159,0.3084178214556147,0.24485862866258198,0.6793797433199622,False,1,False,False
TATAMOTORS,2024.0,437928,31807,107262.0,59538.0,3.187401196075204,2.575411787314824,0.1243070819082772,1.782713907305357,True,1,False,True
TATAMOTORS,2024.0,437928,31807,106549.0,59538.0,3.187401196075204,2.575411787314824,0.12110596266371203,1.782713907305357,True,1,False,True
TATAMOTORS,2019.0,440061,33816,6695.0,60497.0,3.205659751129477,2.7743888001945782,0.3272033796179293,1.820882057628638,True,1,False,True
TATAPOWER,2013.0,33177,123,37882.0,5595.0,0.2772816059745419,0.5626607244234244,0.18718471779429127,0.3642146984180451,False,1,False,False
TATAPOWER,2014.0,35726,12,40173.0,6916.0,0.2554620762823983,0.5736544767527687,0.17689893351757488,0.3116389668465601,False,1,False,False
TATAPOWER,2015.0,33593,457,40607.0,6301.0,0.27372063133667146,0.5295804246216135,0.1749504261513178,0.3361159349892272,False,1,False,False
TATAPOWER,2016.0,29494,786,38849.0,2105.0,0.3088082155689572,0.4969953388886921,0.1828432278791517,0.503116517634156,False,1,False,False
TATAPOWER,2017.0,27588,1100,48815.0,5473.0,0.32512364263573856,0.46589589536243875,0.13809939282818892,0.36907029209837905,False,1,False,False
TATAPOWER,2018.0,26840,2611,48589.0,2295.0,0.3315265489557556,0.3162422037440669,0.13911405334610158,0.4955545274762589,False,1,False,False
TATAPOWER,2019.0,29881,2606,48506.0,3070.0,0.30549548195151527,0.31673741781295633,0.13948669415577747,0.46470956762167837,False,1,False,False
TATAPOWER,2020.0,29136,1316,51936.0,6805.0,0.31187270816597074,0.4445026475864174,0.12408720045471362,0.3160567610967,False,1,False,False
TATAPOWER,2021.0,32703,1439,46708.0,6921.0,0.28133906265326925,0.4323203814917385,0.1475590818159853,0.3114399671055628,False,1,False,False
TATAPOWER,2022.0,42816,2156,51195.0,7031.0,0.1947714268052316,0.36130668401300087,0.12741402985194053,0.30706197280362235,False,1,False,False
TATAPOWER,2023.0,55109,3810,52923.0,7728.0,0.08954291424912297,0.19748987002439267,0.11965591757338709,0.27932140890859963,False,1,False,False
TATAPOWER,2024.0,61449,4280,53689.0,10735.0,0.03527229116234767,0.15093974754879058,0.11621684696842648,0.15964296467282724,False,1,False,False
TATAPOWER,2024.0,61449,4280,58314.0,10735.0,0.03527229116234767,0.15093974754879058,0.0954522235376917,0.15964296467282724,False,1,False,False
TATAPOWER,2019.0,63489,4403,6695.0,11057.0,0.017809819380483063,0.13875748145411174,0.3272033796179293,0.14682738135260154,False,1,False,False
TATASTEEL,2013.0,134712,-7272,68529.0,3965.0,0.5918615667566458,1.2950823323108231,0.04959046605770125,0.4290886139831628,False,1,False,False
TATASTEEL,2014.0,148614,3665,81629.0,16184.0,0.7108631759289408,0.2118510780221848,0.009223926794758348,0.05722695306602336,False,1,False,False
TATASTEEL,2015.0,139504,-3939,80701.0,3409.0,0.6328812553736533,0.9649726339891599,0.005057533163683348,0.45121738518206184,False,1,False,False
TATASTEEL,2016.0,101965,-497,81987.0,-625.0,0.31154609448178294,0.624067268965708,0.010831220889504955,0.6117703762186784,False,1,False,False
TATASTEEL,2017.0,112299,-4169,83014.0,13144.0,0.40000549810618924,0.9877524811580716,0.015442089703205413,0.06376488946033117,False,1,False,False
TATASTEEL,2018.0,123249,17743,92147.0,21433.0,0.49373788340590363,1.1824736543427645,0.056446047712481254,0.2661368811649822,False,1,False,False
TATASTEEL,2019.0,157669,9122,100816.0,29318.0,0.7883742945489329,0.3286255567636888,0.0953668089062196,0.5799594727177142,False,1,False,False
TATASTEEL,2020.0,139817,1174,116328.0,17463.0,0.6355605463872432,0.4585667271428759,0.16501023348082672,0.10813108681313106,False,1,False,False
TATASTEEL,2021.0,156294,8190,88501.0,30504.0,0.7766042461665488,0.23631765432270765,0.04007678997659822,0.6271622112822723,False,1,False,False
TATASTEEL,2022.0,243959,41749,75561.0,63490.0,1.5270197308514313,3.560095441894475,0.018019259146365686,1.940003302589618,True,1,False,True
TATASTEEL,2023.0,243353,8075,84893.0,32300.0,1.521832349527995,0.22492773073825184,0.02387813887647042,0.6986429182485002,False,1,False,False
TATASTEEL,2024.0,229171,-4910,87082.0,22248.0,1.4004339305032873,1.0611432061674781,0.033705979025633326,0.2985738389475411,False,1,False,False
TATASTEEL,2024.0,229171,-4910,99392.0,22248.0,1.4004339305032873,1.0611432061674781,0.08897354971370795,0.2985738389475411,False,1,False,False
TATASTEEL,2019.0,221012,2527,6695.0,25314.0,1.330592603411016,0.32456180010140856,0.3272033796179293,0.4206004801270815,False,1,False,False
TCS,2013.0,62989,14076,332.0,18040.0,0.022089836974077327,0.8192836562192904,0.35577101181031096,0.13109565692421873,False,1,False,False
TCS,2014.0,81809,19332,297.0,25153.0,0.13901002524881087,1.3398526854358108,0.35592814950113816,0.41419268846696866,False,1,False,False
TCS,2015.0,94648,20060,358.0,24482.0,0.24891231701712443,1.4119558538661052,0.35565428095426793,0.38748692322513184,False,1,False,False
TCS,2016.0,108646,24338,245.0,30677.0,0.3687356895673895,1.835661011207862,0.35616161121322426,0.6340476023207786,False,1,False,False
TCS,2017.0,117966,26357,289.0,32311.0,0.44851521751198664,2.0356284522253953,0.35596406668761293,0.6990807176786943,False,1,False,False
TCS,2018.0,123104,25880,247.0,32516.0,0.4924966783037613,1.988385030053348,0.35615263191660557,0.7072397070595833,False,1,False,False
TCS,2019.0,146463,31562,62.0,39506.0,0.6924505402412983,2.551146297939244,0.35698321685383494,0.9854413449737998,False,1,False,False
TCS,2020.0,156949,32447,8174.0,42109.0,0.7822110692141572,2.6387991881326647,0.3205631897684035,1.089040610136991,False,1,False,False
TCS,2021.0,164177,32562,7795.0,46546.0,0.8440830035471559,2.6501891117171206,0.3222647664776464,1.2656329802979893,False,1,False,False
TCS,2022.0,191754,38449,7818.0,53057.0,1.080143093904254,3.2332541564274813,0.32216150456653136,1.524770443024665,True,1,False,True
TCS,2023.0,225458,42303,7688.0,59259.0,1.3686505198532564,3.6149651607274187,0.32274515884674665,1.771609721757708,True,1,False,True
TCS,2024.0,240893,46099,8021.0,64296.0,1.5007746629675114,3.990931681828239,0.32125010595973374,1.9720820608383816,True,1,False,True
TCS,2024.0,240893,46099,9046.0,64296.0,1.5007746629675114,3.990931681828239,0.31664821644265195,1.9720820608383816,True,1,False,True
TCS,2019.0,252082,49006,6695.0,67591.0,1.5965528966769638,4.278849141480527,0.3272033796179293,2.1032228901555983,True,1,False,True
TECHM,2013.0,6873,1307,1380.0,1422.0,0.502444771538349,0.44539403291041824,0.3510658603821142,0.5302998822543863,False,1,False,False
TECHM,2013.0,6873,1307,1380.0,1422.0,0.502444771538349,0.44539403291041824,0.3510658603821142,0.5302998822543863,False,1,False,False
TECHM,2014.0,18802,3062,363.0,4172.0,0.40033211179037703,0.2715738947302445,0.3556318327127212,0.42085002470587485,False,1,False,False
TECHM,2014.0,18802,3062,363.0,4172.0,0.40033211179037703,0.2715738947302445,0.3556318327127212,0.42085002470587485,False,1,False,False
TECHM,2015.0,22621,2659,700.0,4193.0,0.36764133741050403,0.31148814868272884,0.3541188212324709,0.4200142257936862,False,1,False,False
TECHM,2015.0,22621,2659,700.0,4193.0,0.36764133741050403,0.31148814868272884,0.3541188212324709,0.4200142257936862,False,1,False,False
TECHM,2016.0,26494,3027,1091.0,4260.0,0.33448832113052285,0.2750403932124702,0.3523633687435158,0.4173476292643225,False,1,False,False
TECHM,2016.0,26494,3027,1091.0,4260.0,0.33448832113052285,0.2750403932124702,0.3523633687435158,0.4173476292643225,False,1,False,False
TECHM,2017.0,29141,2851,1366.0,4184.0,0.3118299079900348,0.2924719284373765,0.3511287154584451,0.42037242532748137,False,1,False,False
TECHM,2017.0,29141,2851,1366.0,4184.0,0.3118299079900348,0.2924719284373765,0.3511287154584451,0.42037242532748137,False,1,False,False
TECHM,2018.0,30773,3786,2397.0,4710.0,0.29785993056454313,0.1998668975550617,0.3464998880515072,0.39943765257456604,False,1,False,False
TECHM,2018.0,30773,3786,2397.0,4710.0,0.29785993056454313,0.1998668975550617,0.3464998880515072,0.39943765257456604,False,1,False,False
TECHM,2019.0,34742,4289,1996.0,6271.0,0.2638851509065918,0.15004836222478968,0.3483002370235558,0.337309933435211,False,1,False,False
TECHM,2019.0,34742,4289,1996.0,6271.0,0.2638851509065918,0.15004836222478968,0.3483002370235558,0.337309933435211,False,1,False,False
TECHM,2020.0,36868,3897,3670.0,5503.0,0.245686516098629,0.18887314522571738,0.34078456575370714,0.36787629365239527,False,1,False,False
TECHM,2020.0,36868,3897,3670.0,5503.0,0.245686516098629,0.18887314522571738,0.34078456575370714,0.36787629365239527,False,1,False,False
TECHM,2021.0,37855,4353,2901.0,6796.0,0.23723776136887392,0.14370962214300556,0.3442371053035958,0.3164149606304952,False,1,False,False
TECHM,2021.0,37855,4353,2901.0,6796.0,0.23723776136887392,0.14370962214300556,0.3442371053035958,0.3164149606304952,False,1,False,False
TECHM,2022.0,44646,5630,2618.0,8020.0,0.17910656241267658,0.017231948948656914,0.3455076757751413,0.26769982403435766,False,1,False,False
TECHM,2022.0,44646,5630,2618.0,8020.0,0.17910656241267658,0.017231948948656914,0.3455076757751413,0.26769982403435766,False,1,False,False
TECHM,2023.0,53290,4857,2740.0,7763.0,0.10511361825461892,0.09379204399895567,0.34495993868140085,0.27792841072161856,False,1,False,False
TECHM,2023.0,53290,4857,2740.0,7763.0,0.10511361825461892,0.09379204399895567,0.34495993868140085,0.27792841072161856,False,1,False,False
TECHM,2024.0,51996,2397,2537.0,4506.0,0.11619030378684087,0.3374373658925326,0.34587133728819847,0.4075568420072556,False,1,False,False
TECHM,2024.0,51996,2397,2035.0,4506.0,0.11619030378684087,0.3374373658925326,0.34812514073949125,0.4075568420072556,False,1,False,False
TECHM,2024.0,51996,2397,2537.0,4506.0,0.11619030378684087,0.3374373658925326,0.34587133728819847,0.4075568420072556,False,1,False,False
TECHM,2024.0,51996,2397,2035.0,4506.0,0.11619030378684087,0.3374373658925326,0.34812514073949125,0.4075568420072556,False,1,False,False
TECHM,2019.0,52476,3775,6695.0,6223.0,0.11208148689699038,0.20095636850661835,0.3272033796179293,0.339220330948785,False,1,False,False
TITAN,2013.0,10123,725,0.0,1014.0,0.4746246571799863,0.5030369505291425,0.3572615750490145,0.5465382611197656,False,1,False,False
TITAN,2014.0,10927,735,807.0,1047.0,0.4677423888894867,0.5020465223913638,0.35363842886337066,0.5452248628291834,False,1,False,False
TITAN,2015.0,11913,816,100.0,1153.0,0.45930219419491886,0.49402405447535575,0.3568126102180797,0.5410060683200407,False,1,False,False
TITAN,2016.0,11276,675,113.0,939.0,0.4647549366091579,0.5079890912180364,0.3567542447900582,0.549523257234725,False,1,False,False
TITAN,2017.0,13261,697,1882.0,1164.0,0.4477632667625887,0.5058101493149231,0.34881205693082146,0.5405682688898467,False,1,False,False
TITAN,2018.0,16120,1102,1691.0,1644.0,0.4232901261624167,0.465697809734883,0.34966957975790697,0.5214642937541065,False,1,False,False
TITAN,2019.0,19779,1389,2393.0,1994.0,0.3919689574124938,0.43727252218063234,0.3465178466447446,0.507534311884296,False,1,False,False
TITAN,2020.0,21052,1493,3562.0,2463.0,0.3810720326192028,0.4269720695477332,0.34126944777111673,0.4888681361787498,False,1,False,False
TITAN,2021.0,21644,974,5638.0,1725.0,0.37600449178838724,0.47837528989845124,0.3319489378809102,0.5182404979499503,False,1,False,False
TITAN,2022.0,28799,2198,7275.0,3344.0,0.31475744002405326,0.35714688583433,0.3245993835985074,0.4538043818150267,False,1,False,False
TITAN,2023.0,40575,3274,9367.0,4882.0,0.2139544656597211,0.25057681820933464,0.3152070393353512,0.3925920614842592,False,1,False,False
TITAN,2024.0,51084,3496,15528.0,5292.0,0.12399705587755681,0.228589313550646,0.2875463161014578,0.3762740827224811,False,1,False,False
TITAN,2024.0,51084,3496,21648.0,5292.0,0.12399705587755681,0.228589313550646,0.2600696684482477,0.3762740827224811,False,1,False,False
TITAN,2019.0,54458,3243,6695.0,5239.0,0.0951154971559827,0.2536471454364488,0.3272033796179293,0.3783834799770524,False,1,False,False
TORNTPHARM,2013.0,3203,435,693.0,697.0,0.533860100675331,0.5317593665247268,0.35415024877063633,0.5591548446989939,False,1,False,False
TORNTPHARM,2014.0,4172,664,1132.0,955.0,0.5255654265789452,0.509078562169593,0.35217929316283253,0.5488864580635335,False,1,False,False
TORNTPHARM,2015.0,4636,751,2740.0,1020.0,0.5215935702520897,0.5004618373709178,0.34495993868140085,0.5462994614305687,False,1,False,False
TORNTPHARM,2016.0,6687,1733,2352.0,2733.0,0.5040369380831661,0.40320179424104274,0.3467019222254279,0.47812215016489595,False,1,False,False
TORNTPHARM,2017.0,5816,934,2510.0,1377.0,0.5114927287312073,0.4823370024495663,0.3459925577925509,0.532090879923362,False,1,False,False
TORNTPHARM,2018.0,5950,678,6462.0,1349.0,0.510345684016124,0.5076919627767028,0.32824946767400737,0.5332052784729469,False,1,False,False
TORNTPHARM,2019.0,7673,436,6038.0,1983.0,0.4955967433885982,0.531660323710949,0.3301530785571709,0.50797211131449,False,1,False,False
TORNTPHARM,2020.0,7939,1025,5784.0,2170.0,0.49331977402880606,0.47332410639577954,0.33129344922774534,0.5005295210011912,False,1,False,False
TORNTPHARM,2021.0,8005,1252,4874.0,2480.0,0.49275481170645163,0.4508413876682015,0.33537902918925205,0.488191537059359,False,1,False,False
TORNTPHARM,2022.0,8508,777,4070.0,2431.0,0.4884491140072958,0.497886724212693,0.3389887064299679,0.49014173452113247,False,1,False,False
TORNTPHARM,2023.0,9620,1245,5369.0,2842.0,0.47893035487914215,0.45153468736464664,0.33315665327612476,0.47378395581115496,False,1,False,False
TORNTPHARM,2024.0,10728,1656,4022.0,3368.0,0.4694458358917372,0.4108280909019393,0.33920420954881664,0.4528491830582397,False,1,False,False
TORNTPHARM,2024.0,10728,1656,3128.0,3368.0,0.4694458358917372,0.4108280909019393,0.3432179551373738,0.4528491830582397,False,1,False,False
TORNTPHARM,2019.0,11302,1862,6695.0,3640.0,0.464532375694291,0.39042527126369664,0.3272033796179293,0.4420235971479869,False,1,False,False
TRENT,2013.0,2132,-27,343.0,5.0,0.5430278983608099,0.5775171464901059,0.35572162567890814,0.5866964088530193,False,1,False,False
TRENT,2014.0,2333,-19,332.0,-10.0,0.541307331288185,0.5767248039798829,0.35577101181031096,0.5872934080760113,False,1,False,False
TRENT,2015.0,2284,129,267.0,88.0,0.5417267730123572,0.5620664675407571,0.35606283895041857,0.5833930131524643,False,1,False,False
TRENT,2016.0,1686,55,400.0,90.0,0.546845674054296,0.56939563576032,0.3554657157252753,0.5833134132560653,False,1,False,False
TRENT,2017.0,1812,85,392.0,134.0,0.5457671096207102,0.5664243513469837,0.3555016329117501,0.5815622155352892,False,1,False,False
TRENT,2018.0,2157,87,391.0,208.0,0.5428138974811302,0.5662262657194279,0.3555061225600594,0.5786170193685293,False,1,False,False
TRENT,2019.0,2630,95,494.0,241.0,0.5387650008375899,0.5654339232092049,0.35504368878419656,0.5773036210779471,False,1,False,False
TRENT,2020.0,3486,106,300.0,529.0,0.5314376107173566,0.5643444522576483,0.3559146805562101,0.5658412359965029,False,1,False,False
TRENT,2021.0,2593,-181,300.0,114.0,0.539081722139516,0.592769739811899,0.3559146805562101,0.5823582144992784,False,1,False,False
TRENT,2022.0,4498,35,4725.0,595.0,0.5227748551079218,0.5713764920358775,0.33604798678734493,0.5632144394153387,False,1,False,False
TRENT,2023.0,8242,394,4464.0,1114.0,0.49072608336708795,0.5358201218896198,0.3372197849960848,0.5425582662998196,False,1,False,False
TRENT,2024.0,12375,1477,1753.0,1971.0,0.4553474579384377,0.4285567545681792,0.3493912215627274,0.5084497106928835,False,1,False,False
TRENT,2024.0,12375,1477,1842.0,1971.0,0.4553474579384377,0.4285567545681792,0.3489916428631954,0.5084497106928835,False,1,False,False
TRENT,2019.0,15025,1809,6695.0,2354.0,0.43266336469238814,0.39567454039392413,0.3272033796179293,0.4932063305324908,False,1,False,False
TVSMOTOR,2013.0,7510,198,1068.0,438.0,0.49699202912410995,0.5552325133900836,0.3524666306546308,0.5694630312826537,False,1,False,False
TVSMOTOR,2014.0,8384,187,728.0,492.0,0.48951055837050717,0.5563219843416403,0.35399311107980913,0.567313834079883,False,1,False,False
TVSMOTOR,2015.0,10256,328,1119.0,605.0,0.47348617250009023,0.5423569475989596,0.35223765859085404,0.5628164399333441,False,1,False,False
TVSMOTOR,2016.0,11377,429,1091.0,819.0,0.4638903730552519,0.5323536234073941,0.3523633687435158,0.55429925101866,False,1,False,False
TVSMOTOR,2017.0,12463,509,1311.0,871.0,0.4545941748419651,0.5244301983051639,0.35137564611545924,0.552229653712288,False,1,False,False
TVSMOTOR,2018.0,16340,665,6928.0,1571.0,0.4214069184212352,0.5089795193558152,0.32615729156185114,0.524369689972667,False,1,False,False
TVSMOTOR,2019.0,20160,725,9298.0,2163.0,0.388707584006175,0.5030369505291425,0.31551682506869627,0.5008081206385874,False,1,False,False
TVSMOTOR,2020.0,18849,647,11591.0,2264.0,0.39992979013657914,0.5107622900038169,0.30522206149536113,0.4967883258704421,False,1,False,False
TVSMOTOR,2021.0,19421,608,12179.0,2232.0,0.39503345000950735,0.5146249597411542,0.3025821482894645,0.4980619242128248,False,1,False,False
TVSMOTOR,2022.0,24355,731,15827.0,2755.0,0.3527982363959191,0.5024426936464753,0.28620391125696276,0.4772465513045079,False,1,False,False
TVSMOTOR,2023.0,31974,1309,22376.0,4027.0,0.28757932830472965,0.4451959472828625,0.2568012044790423,0.42662101719479634,False,1,False,False
TVSMOTOR,2024.0,39145,1779,26006.0,5500.0,0.2261953159774007,0.3986458248072604,0.24050378111610884,0.3679956934969937,False,1,False,False
TVSMOTOR,2024.0,39145,1779,14619.0,5500.0,0.2261953159774007,0.3986458248072604,0.29162740641465523,0.3679956934969937,False,1,False,False
TVSMOTOR,2019.0,42886,2094,6695.0,6190.0,0.1941722243421284,0.3674473384672292,0.3272033796179293,0.34053372923936714,False,1,False,False
ULTRACEMCO,2013.0,20514,2688,7342.0,4839.0,0.38567733154991024,0.30861590708317044,0.32429857716178107,0.39430345925683585,False,1,False,False
ULTRACEMCO,2014.0,20730,2213,7332.0,4035.0,0.38382836394947756,0.3556612436276619,0.32434347364487454,0.4263026176092007,False,1,False,False
ULTRACEMCO,2015.0,23306,2102,9829.0,4425.0,0.36177771330727987,0.36665499595700624,0.3131328218164324,0.4107806378114118,False,1,False,False
ULTRACEMCO,2016.0,25153,2480,10616.0,4901.0,0.34596732831654264,0.32921681234896877,0.3095994685969755,0.39183586246846946,False,1,False,False
ULTRACEMCO,2017.0,25375,2714,8474.0,5212.0,0.3440670005049868,0.3060407939249456,0.319216295275599,0.3794580785784378,False,1,False,False
ULTRACEMCO,2018.0,30979,2224,19480.0,6145.0,0.2960965633159823,0.35457177267610523,0.2698032259829143,0.34232472690834276,False,1,False,False
ULTRACEMCO,2019.0,41462,2400,25337.0,7347.0,0.20636171444868487,0.3371402374511989,0.2435073558350627,0.2944851891725934,False,1,False,False
ULTRACEMCO,2020.0,42430,5751,23019.0,9246.0,0.19807560038748637,0.005247768481533822,0.2539143606161315,0.21890508754182128,False,1,False,False
ULTRACEMCO,2021.0,44726,5462,21719.0,11568.0,0.1784217595977015,0.03387114166334022,0.259750903418284,0.12648960782267812,False,1,False,False
ULTRACEMCO,2022.0,52599,7334,11299.0,11514.0,0.11102860256896618,0.15153700572884513,0.3065330388016908,0.1286388050254489,False,1,False,False
ULTRACEMCO,2023.0,63240,5073,11058.0,10620.0,0.019941268142093006,0.07239879622293428,0.30761504404424367,0.164219958715765,False,1,False,False
ULTRACEMCO,2024.0,70908,7004,11403.0,12969.0,0.045697081673268664,0.1188528771821458,0.3060661153775186,0.07072988039523645,False,1,False,False
ULTRACEMCO,2024.0,70908,7004,16964.0,12969.0,0.045697081673268664,0.1188528771821458,0.28109918112923404,0.07072988039523645,False,1,False,False
ULTRACEMCO,2019.0,71317,6252,6695.0,12056.0,0.04919813606482877,0.04437268122118245,0.3272033796179293,0.10706723310134227,False,1,False,False
UNIONBANK,2013.0,25169,2146,287589.0,325.0,0.34583036775354764,0.36229711215077964,0.933911892588085,0.5739604254291926,False,1,False,False
UNIONBANK,2014.0,29394,1687,327078.0,-902.0,0.3096642190876761,0.4077577636748251,1.1112036146759305,0.6227949618699284,False,1,False,False
UNIONBANK,2015.0,32164,1771,352618.0,-973.0,0.28595292161916386,0.39943816731748344,1.22586923249668,0.62562075819209,False,1,False,False
UNIONBANK,2016.0,32316,1347,374754.0,-1928.0,0.2846517962707112,0.4414323203593032,1.3252520874724087,0.663629708722573,False,1,False,False
UNIONBANK,2017.0,32817,573,418420.0,-4830.0,0.28036321864192976,0.5180914582233799,1.5212970705484012,0.7791291583974023,False,1,False,False
UNIONBANK,2018.0,32952,-5212,455969.0,-11700.0,0.27920761389165927,1.091054135928397,1.6898788749161116,1.0525548025276836,False,1,False,False
UNIONBANK,2019.0,34314,-2922,460780.0,-8601.0,0.2675488459667085,0.8642460923770592,1.711478572932385,0.9292147630575611,False,1,False,False
UNIONBANK,2020.0,37479,-3121,505150.0,-9523.0,0.2404563345992568,0.8839556123188567,1.9106842684181584,0.965910315297462,False,1,False,False
UNIONBANK,2021.0,69311,2863,977576.0,-11071.0,0.03202670547932857,0.291283414672042,4.031710860610226,1.0275206351102242,True,1,False,True
UNIONBANK,2022.0,68230,5265,1085613.0,-4213.0,0.02277330744197777,0.05338257597758194,4.516758995007263,0.7545725903583362,True,1,False,True
UNIONBANK,2023.0,81163,8512,1163059.0,-3024.0,0.13348024251788707,0.268209440359184,4.864464297973032,0.7072504519491798,True,-1,True,True
UNIONBANK,2024.0,100376,13797,1251568.0,4590.0,0.29794419856934035,0.7916507111752628,5.2618385801851195,0.4042136463585011,True,-1,True,True
UNIONBANK,2019.0,107058,16344,6695.0,2090.0,0.35514235369013414,1.043912757867515,0.3272033796179293,0.5037135168571479,False,1,False,False
UNITDSPR,2013.0,10378,-105,8242.0,1091.0,0.4724418482072532,0.5852424859647802,0.3202578936833678,0.5434736651084072,False,1,False,False
UNITDSPR,2014.0,10508,-4489,8307.0,-3368.0,0.4713290436329187,1.0194461815669922,0.3199660665432602,0.7209416341297935,False,1,False,False
UNITDSPR,2015.0,9254,-1687,4987.0,-366.0,0.48206332775765315,0.7419282173613814,0.3348716989302957,0.6014621896350185,False,1,False,False
UNITDSPR,2016.0,8495,143,4242.0,333.0,0.4885603944647292,0.5606798681478669,0.33821648692076006,0.5736420258435969,False,1,False,False
UNITDSPR,2017.0,8818,93,4144.0,991.0,0.48579550309926733,0.5656320088367607,0.3386564724550762,0.547453659928353,False,1,False,False
UNITDSPR,2018.0,8591,652,3421.0,1209.0,0.48773863108675913,0.5102670759349276,0.34190248818273483,0.538777271220871,False,1,False,False
UNITDSPR,2019.0,9341,684,2883.0,1394.0,0.4813186046963677,0.5070977058940355,0.34431791897316405,0.5314142808039712,False,1,False,False
UNITDSPR,2020.0,9325,621,2570.0,1569.0,0.4814555652593627,0.5133374031620417,0.34572317889399,0.5244492898690659,False,1,False,False
UNITDSPR,2021.0,8131,362,1037.0,1051.0,0.49167624727286585,0.5389894919305118,0.3526058097522206,0.5450656630363855,False,1,False,False
UNITDSPR,2022.0,9712,811,605.0,1595.0,0.4781428316419208,0.49451926854424516,0.35454533782185893,0.52341449121588,False,1,False,False
UNITDSPR,2023.0,10612,1126,183.0,1417.0,0.4704387999734511,0.46332078220421397,0.35643996940840383,0.5304988819953836,False,1,False,False
UNITDSPR,2024.0,11321,1408,265.0,2000.0,0.4643697350257344,0.4353907087188527,0.35607181824703726,0.5072955121950992,False,1,False,False
UNITDSPR,2024.0,11321,1408,518.0,2000.0,0.4643697350257344,0.4353907087188527,0.35493593722477224,0.5072955121950992,False,1,False,False
UNITDSPR,2019.0,11821,1402,6695.0,2111.0,0.46008971743214017,0.43598496560151995,0.3272033796179293,0.5028777179449593,False,1,False,False
VBL,2012.0,1800,25,6695.0,228.0,0.5458698300429564,0.5723669201736563,0.3272033796179293,0.5778210204045401,False,1,False,False
VBL,2013.0,2115,-40,6695.0,291.0,0.5431734189589921,0.5788047030692183,0.3272033796179293,0.5753136236679741,False,1,False,False
VBL,2014.0,2502,-20,6695.0,387.0,0.5398606853415501,0.5768238467936607,0.3272033796179293,0.5714928286408261,False,1,False,False
VBL,2015.0,3394,113,6695.0,642.0,0.5322251339545779,0.5636511525612031,0.3272033796179293,0.5613438418499641,False,1,False,False
VBL,2016.0,3861,48,6695.0,810.0,0.5282275975221609,0.5700889354567651,0.3272033796179293,0.5546574505524551,False,1,False,False
VBL,2017.0,4004,214,6695.0,838.0,0.5270035124903929,0.5536478283696376,0.3272033796179293,0.5535430520028702,False,1,False,False
VBL,2018.0,5105,300,6695.0,1036.0,0.5175789137492983,0.5451301463847402,0.3272033796179293,0.5456626622593774,False,1,False,False
VBL,2019.0,7130,472,6695.0,1462.0,0.5002448424952416,0.5280947824149453,0.3272033796179293,0.528707884326408,False,1,False,False
VBL,2020.0,6450,357,6695.0,1215.0,0.5060656664225298,0.5394847059994012,0.3272033796179293,0.5385384715316743,False,1,False,False
VBL,2021.0,8823,746,6695.0,1694.0,0.4857527029233314,0.5009570514398072,0.3272033796179293,0.5194742963441336,False,1,False,False
VBL,2022.0,13173,1550,6695.0,2863.0,0.44851654985906125,0.4213266291623942,0.3272033796179293,0.4729481568989663,False,1,False,False
VBL,2023.0,16043,2102,6695.0,3717.0,0.42394924887183016,0.36665499595700624,0.3272033796179293,0.43895900113662856,False,1,False,False
VBL,2019.0,18987,2582,6695.0,4549.0,0.3987485052807471,0.3191144453436254,0.3272033796179293,0.4058454442346789,False,1,False,False
VEDL,2013.0,2749,2280,4839.0,465.0,0.5377463566503146,0.3490253751045441,0.33553616688007926,0.5683884326812684,False,1,False,False
VEDL,2014.0,66152,11421,80566.0,19595.0,0.0049855543230000006,0.5563249856390275,0.00445143064192136,0.19298457637437708,False,1,False,False
VEDL,2015.0,73710,-11369,77752.0,22114.0,0.06968230026777093,1.7008607403587843,0.008182439700584083,0.2932406458888136,False,1,False,False
VEDL,2016.0,64262,-17862,67778.0,-18479.0,0.011192912180786326,2.3439457302185382,0.052962191938021645,1.3223586513718144,False,1,False,False
VEDL,2017.0,72225,11316,71569.0,21376.0,0.05697064801479596,0.5459254901923505,0.03594193519728314,0.26386828411761304,False,1,False,False
VEDL,2018.0,91866,13692,58159.0,24877.0,0.22509829912636592,0.7812512157285857,0.09614811902564065,0.40320790276391805,False,1,False,False
VEDL,2019.0,92048,9698,66226.0,23171.0,0.22665622553043424,0.38567421749974584,0.05993012611412984,0.33530919113564145,False,1,False,False
VEDL,2020.0,84447,-4744,59187.0,20743.0,0.16159139807261422,1.0447020990803506,0.09153276056363084,0.23867491690735568,False,1,False,False
VEDL,2021.0,88021,15032,57669.0,27318.0,0.19218496383162603,0.9139685861909407,0.09834804669722119,0.5003595763187968,False,1,False,False
VEDL,2022.0,132732,23710,53583.0,44824.0,0.5749126970860126,1.7734621241553554,0.11669274968921738,1.1970974694985212,False,1,False,False
VEDL,2023.0,147308,14503,80329.0,34431.0,0.6996837699744726,0.8615749377024439,0.0033873839926058693,0.7834566078615468,False,1,False,False
VEDL,2024.0,143727,7539,87706.0,35312.0,0.6690302839691504,0.17184078255330987,0.036507519570666516,0.8185203622252699,False,1,False,False
VEDL,2024.0,143727,7539,79808.0,35312.0,0.6690302839691504,0.17184078255330987,0.0010482772234355294,0.8185203622252699,False,1,False,False
VEDL,2019.0,144448,15841,6695.0,37072.0,0.6752020693391134,0.994094222537243,0.3272033796179293,0.8885682710563173,False,1,False,False
WIPRO,2013.0,37430,6182,6381.0,7657.0,0.24087577632342905,0.037439684256731075,0.32861312918706453,0.2821472052307612,False,1,False,False
WIPRO,2014.0,43424,7991,5159.0,9635.0,0.18956692541142098,0.21660813438091017,0.33409947942108786,0.20342290769223184,False,1,False,False
WIPRO,2015.0,46951,8714,7891.0,10299.0,0.15937568130620702,0.2882160887423151,0.321833760239949,0.17699574208779123,False,1,False,False
WIPRO,2016.0,51244,8957,12522.0,10796.0,0.12262745024760664,0.31228349249033915,0.30104219891935813,0.15721516783266026,False,1,False,False
WIPRO,2017.0,55448,8518,14241.0,11321.0,0.08664106232066605,0.26880369724185127,0.2933244934755888,0.13632019502794443,False,1,False,False
WIPRO,2018.0,54487,8003,13901.0,10387.0,0.09486725613555423,0.2177966481462447,0.29485097390076714,0.17349334664623886,False,1,False,False
WIPRO,2019.0,59019,9018,9947.0,11613.0,0.056073176667215806,0.3183251041307896,0.31260304331592936,0.12469861015370248,False,1,False,False
WIPRO,2020.0,61138,9772,9724.0,12342.0,0.0379344621055633,0.39300338571930876,0.313604234888914,0.09568444791629707,False,1,False,False
WIPRO,2021.0,61935,10868,10451.0,14771.0,0.03111211406137404,0.5015543096198617,0.31034026056801794,0.0009896262601881759,False,1,False,False
WIPRO,2022.0,79312,12243,17593.0,16684.0,0.11763561738640109,0.6377381785644423,0.2782751923426541,0.07712692716575272,False,1,False,False
WIPRO,2023.0,90488,11366,17467.0,16839.0,0.21330257063842015,0.5508776308812443,0.2788408880296319,0.08329591913666883,False,1,False,False
WIPRO,2024.0,89760,11112,16465.0,16752.0,0.2070708650221469,0.5257207561816636,0.2833395156355987,0.07983332364331591,False,1,False,False
WIPRO,2024.0,89760,11112,19282.0,16752.0,0.2070708650221469,0.5257207561816636,0.2706921763481652,0.07983332364331591,False,1,False,False
WIPRO,2019.0,88792,12488,6695.0,17773.0,0.1987847509609484,0.6620036679400221,0.3272033796179293,0.12046907075496327,False,1,False,False
ZOMATO,2018.0,466,-107,186.0,-92.0,0.5572889169826659,0.5854405715923361,0.3564265004634758,0.5905570038283668,False,1,False,False
ZOMATO,2019.0,1313,-1010,348.0,-2243.0,0.5500385671791173,0.6748762324337588,0.3556991774373614,0.6761666924054025,False,1,False,False
ZOMATO,2020.0,2605,-2386,326.0,-2305.0,0.5389790017172696,0.8111591441921172,0.35579794970016704,0.6786342891937689,False,1,False,False
ZOMATO,2021.0,1994,-816,527.0,-467.0,0.5442091832166419,0.6556619265608506,0.3548955303899881,0.6054819844031639,False,1,False,False
ZOMATO,2022.0,4192,-1222,70.0,-1851.0,0.5253942258752015,0.6958733089546687,0.35694729966736016,0.6605651127112147,False,1,False,False
ZOMATO,2023.0,7079,-971,507.0,-1211.0,0.5006814042897882,0.6710135626964215,0.35498532335617505,0.6350931458635611,False,1,False,False
ZOMATO,2024.0,12114,351,749.0,43.0,0.45758162712229394,0.5400789628820685,0.35389882846531284,0.5851840108214399,False,1,False,False
ZOMATO,2024.0,12114,351,1159.0,43.0,0.45758162712229394,0.5400789628820685,0.3520580726584801,0.5851840108214399,False,1,False,False
ZOMATO,2019.0,17972,663,6695.0,651.0,0.4074369409957435,0.509177604983371,0.3272033796179293,0.560985642316169,False,1,False,False
ZYDUSLIFE,2013.0,6358,690,2918.0,1130.0,0.5068531896597511,0.5065034490113682,0.3441607812823369,0.5419214671286283,False,1,False,False
ZYDUSLIFE,2014.0,7224,836,2700.0,1203.0,0.4994401991876459,0.49204319819979825,0.3451395246137748,0.5390160709100678,False,1,False,False
ZYDUSLIFE,2015.0,8651,1188,2651.0,1756.0,0.48722502897552783,0.4571801277499856,0.3453595173809328,0.5170066995557672,False,1,False,False
ZYDUSLIFE,2016.0,9427,1964,2442.0,2332.0,0.48058244167026953,0.3803229042583532,0.34629785387758655,0.4940819293928789,False,1,False,False
ZYDUSLIFE,2017.0,9376,1517,5207.0,1902.0,0.48101900346481613,0.42459504201706416,0.33388397630223915,0.5111959071186462,False,1,False,False
ZYDUSLIFE,2018.0,11905,1810,5407.0,2831.0,0.45937067447641633,0.39557549758014626,0.33298604664036957,0.474221755241349,False,1,False,False
ZYDUSLIFE,2019.0,13166,1899,7899.0,2991.0,0.4485764701053716,0.3867606871539152,0.3217978430534742,0.4678537635294356,False,1,False,False
ZYDUSLIFE,2020.0,14253,1204,7986.0,2798.0,0.4392717118568977,0.45559544272953956,0.3214072436505609,0.47553515353193115,False,1,False,False
ZYDUSLIFE,2021.0,14404,2185,4608.0,3391.0,0.4379791465436322,0.35843444241344247,0.33657327563953865,0.45193378424965214,False,1,False,False
ZYDUSLIFE,2022.0,15110,4618,4221.0,3342.0,0.4319357617014771,0.11746327649186822,0.33831076953525635,0.4538839817114256,False,1,False,False
ZYDUSLIFE,2023.0,17237,2092,1195.0,3860.0,0.4137285668583271,0.367645424094785,0.3518964453193436,0.43326760854410595,False,1,False,False
ZYDUSLIFE,2024.0,19547,3973,804.0,5384.0,0.39395488557592157,0.18134589137859874,0.3536518978082987,0.37261248748813086,False,1,False,False
ZYDUSLIFE,2024.0,19547,3973,190.0,5384.0,0.39395488557592157,0.18134589137859874,0.3564085418702384,0.37261248748813086,False,1,False,False
ZYDUSLIFE,2019.0,21484,4439,6695.0,6278.0,0.3773740974183374,0.13519194015810818,0.3272033796179293,0.33703133379781475,False,1,False,False
INDIGO,2013.0,9203,787,11.0,8348.0,0.48249988955219975,0.4968962960749142,0.3572121889176117,0.2546454410249352,False,1,False,False
INDIGO,2014.0,11117,474,14.0,10684.0,0.4661159822039209,0.5278966967873896,0.35719871997268365,0.16167276203099964,False,1,False,False
INDIGO,2015.0,13925,1304,4.0,12022.0,0.4420794033982955,0.4456911613517519,0.3572436164557771,0.10842043134012386,False,1,False,False
INDIGO,2016.0,16140,1986,8.0,12976.0,0.4231189254586729,0.37814396235523995,0.35722565786253974,0.07045128075784024,False,1,False,False
INDIGO,2017.0,18580,1659,52.0,16362.0,0.4022324396019329,0.4105309624606056,0.3570281133369284,0.064311343845527,False,1,False,False
INDIGO,2018.0,23021,2242,54.0,19991.0,0.3642173233356286,0.3527890020281035,0.3570191340403097,0.20874535586136272,False,1,False,False
INDIGO,2019.0,28497,156,88.0,28648.0,0.3173425706505842,0.5593923115687545,0.3568664859977919,0.5532935074240769,False,1,False,False
INDIGO,2020.0,35756,-248,75.0,31687.0,0.25520527522678266,0.5994056083350167,0.3569248514258134,0.6742455500022321,False,1,False,False
INDIGO,2021.0,14641,-6171,9.0,14638.0,0.4359504182042685,1.1860361943413809,0.3572211682142304,0.004303766850339835,False,1,False,False
INDIGO,2022.0,25931,-317,12.0,25373.0,0.33930762094091,0.6062395624856901,0.35720769926930235,0.4229486770708496,False,1,False,False
INDIGO,2023.0,54446,-317,12.0,47926.0,0.09521821757822896,0.6062395624856901,0.35720769926930235,1.3205569088132423,False,1,False,False
INDIGO,2024.0,68904,8167,17.0,52573.0,0.028542771158142844,0.23403966960581649,0.3571852510277556,1.505507268096127,False,1,False,False
INDIGO,2024.0,68904,8167,20.0,52573.0,0.028542771158142844,0.23403966960581649,0.35717178208282757,1.505507268096127,False,1,False,False
INDIGO,2019.0,76476,6074,6695.0,60568.0,0.09335935759553442,0.02674306036872038,0.3272033796179293,1.8237078539507994,False,1,False,False
